summary_nr,report_id,event_date,event_desc,event_keyword,const_end_use,build_stories,nonbuild_ht,project_cost,project_type,sic_list,fatality
515593,931300,1994-06-11T18:00:00Z,Employee run over and killed by industrial truck,"AMPUTATED,INDUSTRIAL TRUCK,CRANE OPERATOR,LEG,CRUSHED,STRUCK BY,RUN OVER",NA,NA,NA,NA,NA,44917353,X
515700,935000,1995-07-10T13:00:00Z,Employee dies of heart attack,"HEART,HEART ATTACK",NA,NA,NA,NA,NA,3731,X
515783,931300,1992-06-11T00:00:00Z,Employee killed when crushed by falling wharf beam,"BEAM,HEAD,MAINTENANCE,DOCK,UNSECURED,CRUSHED,BOLT,STRUCK BY,FALLING OBJECT,INATTENTION",NA,NA,NA,NA,NA,4939,X
515791,931300,1993-05-18T00:00:00Z,Untrained diver drowns,"BARGE,WORK RULES,DIVING,INEXPERIENCE,DROWN,UNTRAINED,DIVER,WATER",NA,NA,NA,NA,NA,7389,X
516377,935000,1996-03-08T00:00:00Z,Employee injured when his truck is dropped,"LONGSHORING,FRACTURE,HEAD,HOISTING MECHANISM,SUSPENDED LOAD,LACERATION,TRUCK,CONTAINERIZED CARGO,FALLING OBJECT,MECH MALFUNCTION",NA,NA,NA,NA,NA,4491,NA
743021,951510,1989-09-07T18:30:00Z,BURN - ELECTRICAL FAULT IN SWITCHGEAR,"BURN,CLOTHING,ELECTRIC ARC,ELECTRICAL,E PTD,ELEC UTILITY WORK,ELECTRICAL FAULT,SWITCHGEAR",NA,NA,NA,NA,NA,1731,NA
743047,951510,1989-09-06T00:00:00Z,ELECTRIC SHOCK - DIRECT CONTACT WITH ENERGIZED PARTS,"BURN,E GI IV,ELECTRICAL,ELECTRICAL WORK,LOCKOUT,ELEC CIRC PART--MISC,ELECTRIC SHOCK,ELECTRICAL CABINET",NA,NA,NA,NA,NA,2026,NA
743054,951510,1989-08-29T00:00:00Z,EMPLOYEE INJURED IN FALL,"FRACTURE,INSTALLING,ELECTRICIAN,CONSTRUCTION,LACERATION,FALL",NA,NA,NA,NA,NA,1731,NA
743062,951510,1989-06-28T00:00:00Z,Employee's arm crushed when caught in rollers,"FRACTURE,WORK RULES,CAUGHT BY,ROLLER--MACH/PART,CRUSHED,ARM,NIP POINT,HAND,UNGUARDED",NA,NA,NA,NA,NA,2439,NA
743088,951510,1989-10-24T12:10:00Z,ELECTRIC SHOCK - CONTACT WITH OVERHEAD LINE THRU DRILL RIG,"OVERHEAD POWER LINE,ELECTRICAL,ELECTROCUTED,E GI IA,OIL RIG MAST,OIL RIG",NA,NA,NA,NA,NA,1799,X
743096,951510,1989-10-18T00:00:00Z,EMPLOYEE WAS FOUND CRUSHED IN ELEVATOR SHAFT,"CRUSHED,SHAFT,ELEVATOR",NA,NA,NA,NA,NA,4581,X
743104,951510,1989-11-06T14:45:00Z,ELECTRIC SHOCK - GROUND FAULT IN ELECTRIC FAN,"E GI V,ELECTRICAL,ELECTROCUTED,ATTACHMENT PLUG,GROUND FAULT,EQUIPMENT GROUNDING,ELECTRIC CORD,ELEC EQUIPMENT--MISC",NA,NA,NA,NA,NA,5122,X
743112,951510,1989-11-07T00:00:00Z,EMPLOYEE INJURED WHEN TRUCK TIPPED OVER IN TRENCH COLLAPSE,"COLLAPSE,CONCRETE TRUCK,TRENCH,SPRAIN,ANKLE,TRUCK DRIVER",NA,NA,NA,NA,NA,3273,NA
743138,951510,1991-09-10T00:00:00Z,Employee suffers spine fracture when struck by falling wall,"WOOD ERECTION,FRACTURE,WALL,SPINE,CONSTRUCTION,FALL,STRUCK BY,FALLING OBJECT",NA,NA,NA,NA,NA,1522,NA
743146,951510,1991-03-19T00:00:00Z,BURN - ELECTRICAL FAULT IN SWITCHBOARD,"BURN,CLOTHING,E GI II,ELECTRIC ARC,ELECTRICAL,SWITCHBOARD,ELECTRICIAN,ELECTRICAL WORK,LOCKOUT,ELECTRICAL FAULT",NA,NA,NA,NA,NA,1731,NA
743153,951510,1990-04-28T00:00:00Z,Employee's arm fractured by flying lumber,"FRACTURE,LUMBER,STRUCK BY,ARM,FLYING OBJECT",NA,NA,NA,NA,NA,133,NA
743161,951510,1990-03-07T00:00:00Z,Employee injured in fall with tubular steel concrete shoring,"CONCRETE FORM WORK,CARPENTER,CONSTRUCTION,FALL,SHORING,OVERTURN",NA,NA,NA,NA,NA,1629,NA
743179,951510,1990-03-14T00:00:00Z,Employee's hand amputated when caught in rollers,"AMPUTATED,WORK RULES,CLEANING,CAUGHT BY,LOCKOUT,ROLLER--MACH/PART,HAND",NA,NA,NA,NA,NA,2515,NA
743187,951510,1990-03-23T00:00:00Z,None injured when crane's boom flips over backward,"BOOM,WORK RULES,CONSTRUCTION,CRANE",NA,NA,NA,NA,NA,1799,NA
743195,951510,1990-05-12T00:00:00Z,Employee's hand/arm injured in conveyor belt,"CHEST,GLOVE,STUCK,WORK RULES,ABRASION,ARM,CONVEYOR BELT,HAND,UNGUARDED",NA,NA,NA,NA,NA,5149,NA
743211,951510,1990-04-16T00:00:00Z,Employee injured in 18 1/2 ft fall from beam,"BEAM,KNEE,FRACTURE,HEAD,UNSECURED,GRATING,LACERATION,PIT,FALL",NA,NA,NA,NA,NA,1791,NA
743229,951510,1990-05-22T00:00:00Z,BURN - ELECTRICAL FAULT IN IN LOAD BREAK ELBOW,"BURN,ELECTRIC ARC,ELECTRICAL VAULT,ELECTRICAL,POWER LINE WORKER,LOCKOUT,E PTD,ELEC UTILITY WORK,ELECTRIC SHOCK,ELECTRICAL FAULT",NA,NA,NA,NA,NA,4911,NA
743245,951510,1989-10-11T00:00:00Z,Employee injured in fall from material staging platform,"HEAD,CARPENTER,WORK RULES,LOAD SHIFT,SUSPENDED LOAD,CONSTRUCTION,INEXPERIENCE,LACERATION,FALL,LOST BALANCE",NA,NA,NA,NA,NA,1542,NA
743252,951510,1990-06-01T00:00:00Z,Fire in oil line,"FIRE,EQUIPMENT FAILURE,OIL LINE,RUPTURE,TANK",NA,NA,NA,NA,NA,5032,NA
743302,951510,1989-09-19T00:00:00Z,EMPLOYEES BURNED BY BURNING SOLVENT,"BURN,E GI V,ELECTRIC ARC,ELECTRICAL,ELECTRIC SWITCH,FLAMMABLE LIQUID,CLEANING FLUID,EQUIPMENT APPROVAL",NA,NA,NA,NA,NA,1799,NA
743310,951510,1997-07-02T13:30:00Z,ELECTRIC SHOCK & BURN - DIRECT CONTACT WITH OVERHEAD LINE,"BURN,ELEC PROTECT EQUIP,OVERHEAD POWER LINE,ELECTRICAL,POWER LINE WORKER,E PTD,ELEC UTILITY WORK,ELECTRIC SHOCK",NA,NA,NA,NA,NA,4911,NA
743393,951510,1990-07-28T00:00:00Z,Employee injured when loader rolls down embankment,"EMBANKMENT,FRACTURE,ROLL-OVER,FOREARM,CONSTRUCTION,LOADER,BACKING UP",NA,NA,NA,NA,NA,1622,NA
743427,951510,1990-07-31T00:00:00Z,Employee injured in fall from steel beam girder,"GIRDER,WORK RULES,LADDER,SLIP,CONSTRUCTION,FALL,FALL PROTECTION,UNTRAINED,UNSTABLE POSITION",NA,NA,NA,NA,NA,1542,NA
743435,951510,1990-08-01T00:00:00Z,Employee killed in 9 ft fall from skylight,"SKYLIGHT,ROOF,WORK RULES,CONSTRUCTION,FALL,ROOF OPENING,UNGUARDED",NA,NA,NA,NA,NA,1761,X
743443,951510,1990-07-16T00:00:00Z,Employees injured when rebar falls from crane,"RIGGING,SHOULDER,REBAR,CAUGHT BY,CONSTRUCTION,STRUCK BY,LEG",NA,NA,NA,NA,NA,1791,NA
743450,951510,1990-07-19T00:00:00Z,No injury when crane's boom flips over backward,"BOOM,CRAWLER CRANE,CRANE,OVERTURN",NA,NA,NA,NA,NA,1799,NA
743468,951510,1990-06-05T00:00:00Z,"One employee killed, three injured in fall from girder","FRACTURE,PARALYSIS,GIRDER,WORK RULES,CONSTRUCTION,CRUSHED,FALL,FALL PROTECTION",NA,NA,NA,NA,NA,1622,X
743476,951510,1991-05-20T00:00:00Z,Employee injured by ROPS of overturned forklift,"FRACTURE,IND TRK OPERATOR,WORK RULES,ROPS,EQUIPMENT FAILURE,INDUSTRIAL TRUCK,SEAT BELT,RIB,BACKING UP,OVERTURN",NA,NA,NA,NA,NA,5211,NA
743484,951510,1991-07-03T00:00:00Z,Employee hospitalized after falling with crane load,"FRACTURE,SIGNALMAN,AGRICULTURE,WORK RULES,SUSPENDED LOAD,EQUIPMENT FAILURE,LACERATION,FALL,SPREADER BAR,UNSTABLE POSITION",NA,NA,NA,NA,NA,133,NA
743575,951510,1990-11-26T00:00:00Z,ELECTRIC SHOCK - CONTACT WITH OVERHEAD LINE THRU BOOM,"OVERHEAD POWER LINE,ELECTRICAL,BOOM,CRANE BOOM,ELECTROCUTED,E GI IA,ELECTRIC SHOCK,CRANE",NA,NA,NA,NA,NA,1629,X
743583,951510,1990-12-20T00:00:00Z,EMPLOYEE STRUCK BY CHARGING BULL,"CHEST,FRACTURE,ABDOMEN,AGRICULTURE,RIB,STRUCK BY,BULL",NA,NA,NA,NA,NA,241,X
743617,951510,1990-10-05T00:00:00Z,Employee injured in fall when crane tips over,"HEAD,LUNG,WORK RULES,LOAD SHIFT,LACERATION,PUNCTURE,CONSTRUCTION,CONVEYOR,FALL,CRANE",NA,NA,NA,NA,NA,32731799,NA
743625,951510,1991-01-24T00:00:00Z,Employee injured when struck by concrete wall form,"CONCRETE FORM WORK,FRACTURE,CONSTRUCTION,STRUCK BY,VERTEBRA,OVERTURN",NA,NA,NA,NA,NA,1522,NA
743633,951510,1991-02-12T00:00:00Z,Employee overexposed to mercury,"CLEANING,CONSTRUCTION,SPILL,POISONING,CHEMICAL",NA,NA,NA,NA,NA,16231796,NA
743641,951510,1991-02-15T00:00:00Z,"Chemical fire causes $30,000 in damages","WORK RULES,PAINT SOLVENT,TANK,FLAMMABLE LIQUID,FIRE,WELDING",NA,NA,NA,NA,NA,76413479,NA
743666,951510,1991-01-28T00:00:00Z,Two employees overexposed to X-rays,"WORK RULES,OVEREXPOSURE",NA,NA,NA,NA,NA,8734,NA
743674,951510,1991-03-06T00:00:00Z,Truck driver injured when dump truck overturns,"WORK RULES,CONSTRUCTION,STEEP GRADE,INEXPERIENCE,DUMP TRUCK,LOST CONTROL,SLOPE,OVERTURN,TRUCK DRIVER",NA,NA,NA,NA,NA,1622,NA
743682,951510,1991-04-16T00:00:00Z,Employee's ankle fractured by 18 wheeler truck tire,"TIBIA,WORK RULES,INATTENTION,FRACTURE,CONSTRUCTION,TRUCK,STRUCK BY,RUN OVER,COMMUNICATION",NA,NA,NA,NA,NA,15421629,NA
743690,951510,1991-04-03T00:00:00Z,Four employees overexposed to carbon monoxide,"HEADACHE,WORK RULES,TOXIC ATMOSPHERE,INHALATION,NAUSEA,INDUSTRIAL TRUCK,DIZZINESS,EXHAUST FUMES,OVEREXPOSURE,CARBON MONOXIDE",NA,NA,NA,NA,NA,5141,NA
743708,951510,1991-05-01T00:00:00Z,"Employee severely burned while cleaning oil tank, later dies","CLEANING,BURN,FLAMMABLE LIQUID,FIRE,STORAGE TANK,CONFINED SPACE,OIL WELL DRILLING,ASPHALT",NA,NA,NA,NA,NA,769929111389,NA
743716,951510,1991-06-12T00:00:00Z,Two employees injured in rig blowout,"BURN,DERRICKMAN,CONSTRUCTION,BACK,HIGH PRESSURE,BLOWOUT--OIL WELL,ARM,OIL RIG",NA,NA,NA,NA,NA,1781,NA
743732,951510,1991-06-19T00:00:00Z,Two employees' legs burned by corrosive chemical,"EXCAVATION,ACETYLENE,WORK RULES,CONSTRUCTION,CORROSIVE,CHEMICAL BURN,CHEMICAL,LEG",NA,NA,NA,NA,NA,1542,NA
743740,951510,1991-07-30T00:00:00Z,Employees suffer injuries from saprolite debris,"FRACTURE,SHOULDER,TIBIA,WORK RULES,CONSTRUCTION,FALLING OBJECT,CONTUSION,LEG",NA,NA,NA,NA,NA,1622,NA
743765,951510,1991-08-05T00:00:00Z,Employee injured in fall through pier when beam rolls,"BEAM,FRACTURE,PIER,UNSECURED,CONSTRUCTION,THIGH,FALL,HIP,CUTTING AND BURNING,WRIST",NA,NA,NA,NA,NA,1622,NA
743773,951510,1991-08-26T00:00:00Z,Employee killed by fall from roof edge,"FRACTURE,ROOF,DISMANTLING,WORK RULES,CONSTRUCTION,SKULL,FALL,FALL PROTECTION",NA,NA,NA,NA,NA,1761,X
743781,951510,1991-09-03T00:00:00Z,Employee falls from boatswain chair while washing windows,"WINDOW WASHER,HEAD,BOSUN CHAIR,CLEANING,FALL,NECK,CONCUSSION",NA,NA,NA,NA,NA,7349,NA
743799,951510,1991-09-13T15:00:00Z,ELECTRIC SHOCK - DIRECT CONTACT WITH ENERGIZED PARTS,"E GI III,ELECTRICAL,ELECTROCUTED,WELDER,WELDING,WELDING CABLE,WELDING ELECTRODE,WATER",NA,NA,NA,NA,NA,1542,X
743807,951510,1991-09-30T00:00:00Z,Employee killed by falling crane boom in trench,"HEAD,WIRE ROPE,CRANE BOOM,CONSTRUCTION,EQUIPMENT FAILURE,STRUCK BY,FALLING OBJECT",NA,NA,NA,NA,NA,1541,X
743815,951510,1991-10-29T00:00:00Z,Employee injured in fall from crane boom,"TOWER CRANE,WORK RULES,CONTUSION,DISMANTLING,CRANE OUTRIGGER,CRANE BOOM,CONSTRUCTION,BACK,FALL,FALLING OBJECT",NA,NA,NA,NA,NA,73531542,NA
743823,951510,1991-11-11T00:00:00Z,Employees burned by steam and hot water,"BURN,WORK RULES,CLEANING,STEAM,HIGH PRESSURE,PRESSURE RELEASE,HIGH TEMPERATURE,HOT WATER,WATER",NA,NA,NA,NA,NA,2911,NA
743831,951510,1992-01-31T00:00:00Z,Two fire fighters hospitalized after inhaling chlorine,"FIREFIGHTER,WORK RULES,TOXIC ATMOSPHERE,INHALATION,CHLORINE,OVEREXPOSURE",NA,NA,NA,NA,NA,92245191,NA
743849,951510,1992-02-28T00:00:00Z,Fire fighter later dies after drowning during dive training,"FIREFIGHTER,CPR,DROWN,WATER",NA,NA,NA,NA,NA,9224,X
743856,951510,1992-04-01T00:00:00Z,Employee dies of asphyxia when foot catches in flume,"CHEST,ASPHYXIATED,DUCT,DITCH,CAUGHT BY,BACK,CARDIOVASC DISEASE,CONTUSION,FOOT",NA,NA,NA,NA,NA,4971,X
743880,951510,1992-04-14T00:00:00Z,Employee dies after struck by partner,"FRACTURE,HEAD,WORK RULES,CONSTRUCTION,FALL,WORKPLACE VIOLENCE",NA,NA,NA,NA,NA,1791,X
743906,951510,1992-06-08T00:00:00Z,Anonymous injured health care worker tests positive for AIDS,"INATTENTION,INFECTIOUS DISEASE",NA,NA,NA,NA,NA,807172188062,NA
743922,951510,1992-08-10T13:30:00Z,ELECTRIC SHOCK - CONTACT WITH OVERHEAD LINE THRU TREE LIMB,"OVERHEAD POWER LINE,ELECTRICAL,TREE LIMB,ELECTROCUTED,TREE,E GI IC,TREE TRIMMING,AERIAL LIFT",NA,NA,NA,NA,NA,783,X
743930,951510,1992-08-03T11:00:00Z,Employee killed in 80 ft fall down elevator shaft,"WORK RULES,CLEANING,CONSTRUCTION,ELEVATOR SHAFT",NA,NA,NA,NA,NA,1796,X
743948,951510,1992-09-09T13:30:00Z,No employees injured when crane tips over,"CONSTRUCTION,CRANE,OVERTURN",NA,NA,NA,NA,NA,1522,NA
743955,951510,1992-09-18T00:00:00Z,Employee unhurt when crane rolls down ramp,"WORK RULES,UNTRAINED,HYDRAULIC CRANE,RAMP,CRANE BOOM,CONSTRUCTION",NA,NA,NA,NA,NA,73531542,NA
743963,951510,1992-09-30T00:00:00Z,Employee killed in fall from roof,"FRACTURE,HEAD,ROOF,WORK RULES,STRUCK AGAINST,CONSTRUCTION,FALL,FALL PROTECTION,LOST BALANCE",NA,NA,NA,NA,NA,1761,X
743989,951510,1992-10-21T00:00:00Z,No employees injured as crane boom collapses,"BOOM,COLLAPSE,CRANE BOOM,WORK RULES,OVERLOADED,SUSPENDED LOAD",NA,NA,NA,NA,NA,2911,NA
743997,951510,1992-10-09T17:45:00Z,Two employees injured in fall with transmission tower,"FRACTURE,WORK RULES,CONSTRUCTION,PELVIS,FALL,FALL PROTECTION,ELEVATED WORK PLAT,FALLING OBJECT,TRANSMISSION TOWER,FOOT",NA,NA,NA,NA,NA,1623,NA
744003,951510,1992-10-28T16:30:00Z,EXPOSURE TO HYDROGEN SULFIDE,"HYDROGEN SULFIDE,DIZZINESS,ELEC UTILITY WORK,RESPIRATOR",NA,NA,NA,NA,NA,4911,NA
744011,951510,1992-04-13T00:00:00Z,Employee killed in fall from stockpicker,"FRACTURE,HEAD,IND TRK OPERATOR,WORK RULES,INDUSTRIAL TRUCK,FALL,STRUCK BY,ELEVATED WORK PLAT,INATTENTION",NA,NA,NA,NA,NA,5141,X
744037,951510,1994-02-22T00:00:00Z,Employee injured in fall from concrete block wall,"FRACTURE,DISMANTLING,WORK RULES,COLLARBONE,CONSTRUCTION,BACK,FALL,TIE-OFF,SCAFFOLD",NA,NA,NA,NA,NA,1742,NA
744078,951510,1993-06-07T13:15:00Z,Employee killed when lp gas cylinder ruptures,"HEAD,CYLINDER,RUPTURE,HIGH PRESSURE,LPG CONTAINER,NECK,PROPANE,STRUCK BY,FACE",NA,NA,NA,NA,NA,5211,X
744094,951510,1992-12-16T14:00:00Z,"One employee killed, two injured by overturned cart","EJECTED,FRACTURE,PINNED,DRIVER,NECK,LOST CONTROL,MOTOR VEHICLE,CART,CONTUSION,OVERTURN",NA,NA,NA,NA,NA,7011,X
744169,951510,1993-08-28T22:05:00Z,BURN - ELECTRICAL FAULT IN SWITCH,"BURN,CLOTHING,ELECTRIC ARC,ELECTRICAL,ELECTRIC SWITCH,POWER LINE WORKER,LIVE-LINE TOOL,E PTD,ELEC UTILITY WORK,ELECTRICAL FAULT",NA,NA,NA,NA,NA,4911,NA
744318,951510,1993-02-08T09:15:00Z,OVERCOME BY HYDROGEN SULFIDE,"RESPIRATORY,UNCONSCIOUSNESS,HYDROGEN SULFIDE,INHALATION,WELLHEAD,RESPIRATOR",NA,NA,NA,NA,NA,4911,NA
744342,951510,1992-10-01T14:40:00Z,Employee injured and doused with herbicide,"CHEST,TANK TRUCK,HEAD,DITCH,AGRICULTURE,SPILL,POISONING,PESTICIDE,OVERTURN",NA,NA,NA,NA,NA,721,NA
744383,951510,1993-03-10T08:15:00Z,ELECTRIC SHOCK - CONTACT WITH OVERHEAD LINE THRU BOOM,"BURN,OVERHEAD POWER LINE,ELECTRICAL,BOOM,CRANE BOOM,CORD SET,E C,ELECTRIC SHOCK,ELECTRIC CORD,CRANE",NA,NA,NA,NA,NA,1611,NA
744391,951510,1993-01-22T00:00:00Z,Employee overcome by hydrogen sulfide gas,"OXYGEN DEFICIENCY,HYDROGEN SULFIDE,CONSTRUCTION,INHALATION,ACCIDENTAL DISCHARGE",NA,NA,NA,NA,NA,1781,NA
744409,951510,1993-02-08T09:15:00Z,OVERCOME BY HYDROGEN SULFIDE,"UNCONSCIOUSNESS,HYDROGEN SULFIDE,VENTING,WELL",NA,NA,NA,NA,NA,4911,NA
744441,951510,1993-04-06T00:00:00Z,Employee bruised in fall from loose scaffold cross bracing,"UNSECURED,CONSTRUCTION,FALL,NECK,TIE-OFF,HIP,CONTUSION,LEG,TUBULAR SCAFFOLD",NA,NA,NA,NA,NA,1711,NA
744482,951510,1993-06-04T06:55:00Z,Employee dies when run over by tractor trailer,"CONSTRUCTION,TRAILER TRUCK,TRAILER,RUN OVER",NA,NA,NA,NA,NA,17941629,X
744490,951510,1993-06-28T15:30:00Z,Employee dies in asphalt tank explosion,"ACETYLENE TORCH,FLAMMABLE VAPORS,WORK RULES,CONSTRUCTION,TORCH,EXPLOSION,TANK,ASPHALT,CUTTING AND BURNING",NA,NA,NA,NA,NA,1611,X
744508,951510,1993-08-09T00:00:00Z,EMPLOYEE INJURED IN FALL FROM ROOF OF TWO-STORY HOUSE,"FRACTURE,ROOF,CONSTRUCTION,RIB,FALL,FALL PROTECTION,NECK",NA,NA,NA,NA,NA,1521,NA
886036,951510,1994-08-22T00:00:00Z,Employee hospitalized when burned by hot asphalt,"BURN,HEAD,SHOULDER,WORK RULES,CLOGGED,NECK,PIPE,ACCIDENTAL DISCHARGE,PRESSURE RELEASE,ASPHALT",NA,NA,NA,NA,NA,2951,NA
886051,951510,1993-03-08T07:40:00Z,ELECTRIC SHOCK - DIRECT CONTACT WITH ENERGIZED PARTS,"REPAIR,E GI IV,ELECTRICAL,ELECTROCUTED,LOCKOUT,ELEC CIRC PART--MISC,UNTRAINED,ELEC EQUIPMENT--MISC",NA,NA,NA,NA,NA,5031,X
886085,951510,1993-06-18T12:30:00Z,FALL - EMPLOYEE SLIPPED FROM COMMUNICATION TOWER,"FRACTURE,COMMUNICATION TOWER,LIFELINE,TELECOM WORK,THIGH,FALL,FALL PROTECTION,ABRASIVE BURN,HAND,COMMUNICATION WORKER",NA,NA,NA,NA,NA,3441,NA
886119,951510,1993-09-24T07:20:00Z,EMPLOYEE FALLS THROUGH METAL ROOF,"ROOF COLLAPSE,FRACTURE,ROOF,CONSTRUCTION,THIGH,PELVIS,FALL,FALL PROTECTION,ELBOW,CONTUSION",NA,NA,NA,NA,NA,1795,NA
886127,951510,1993-09-24T00:00:00Z,Employee injured when run over by water truck,"WHEEL,WORK RULES,CONSTRUCTION,TRUCK,STRUCK BY,RUN OVER,BACKING UP,INATTENTION",NA,NA,NA,NA,NA,1623,NA
886135,951510,1993-10-01T00:00:00Z,Employee dies when caught between conveyor belt and pulley,"CAUGHT BETWEEN,CONVEYOR,PULLEY,CONVEYOR BELT",NA,NA,NA,NA,NA,5093,X
886143,951510,1993-09-25T00:00:00Z,ELECTRIC SHOCK - CAUSE UNREPORTED,"PROTECTIVE GROUNDING,ELECTRICAL,POWER LINE WORKER,E PTD,UNDRGRD INSTALLATION,ELEC UTILITY WORK,ELECTRIC SHOCK,ELECTRIC CORD,MANHOLE,UNDRGRD POWER LINE",NA,NA,NA,NA,NA,1731,NA
886200,951510,1993-10-12T00:00:00Z,ELECTRIC SHOCK & BURN - CONTACT WITH O'HEAD LINE THRU BOOM,"BURN,CONCRETE PUMP,OVERHEAD POWER LINE,ELECTRICAL,BOOM,CONCRETE TRUCK,ELECTROCUTED,E C",NA,NA,NA,NA,NA,7353,X
886374,951510,1993-11-04T00:00:00Z,Cylinder containing nitrogen bursts,"CYLINDER,COMPRESSED GAS,NITROGEN,RUPTURE,CORROSION",NA,NA,NA,NA,NA,2813,NA
886424,951510,1993-07-15T07:10:00Z,Employee falls when forklift supporting platform tips over,"KNEE,FRACTURE,WORK RULES,CONSTRUCTION,INDUSTRIAL TRUCK,FALL,ARM,ELEVATED WORK PLAT,WRIST",NA,NA,NA,NA,NA,1791,NA
886432,951510,1991-04-24T00:00:00Z,Employee catches fingers between machine rollers,"FINGER,WORK RULES,ROLLER--MACH/PART,CAUGHT BETWEEN,NIP POINT",NA,NA,NA,NA,NA,7011,NA
886465,951510,1993-10-12T10:00:00Z,Employee fatally struck by tipping forklift,"CHEST,IND TRK OPERATOR,UNEVEN GROUND,ROLL-OVER,CONSTRUCTION,INDUSTRIAL TRUCK,STRUCK BY,SLOPE",NA,NA,NA,NA,NA,1542,X
886507,951510,1994-02-15T00:00:00Z,Employee injured as crane overturns,"CONSTRUCTION,BACK,CRANE,HYDRAULIC CRANE,LEG,OVERTURN",NA,NA,NA,NA,NA,1622,NA
886515,951510,1994-01-05T00:00:00Z,Employee dies in fall from moving golf cart,"BOARD,EJECTED,HEAD,HIGH WIND,WORK RULES,GOLF CART,SEAT BELT,FALL",NA,NA,NA,NA,NA,4581,X
886523,951510,1994-02-01T00:00:00Z,Crane tipped over (no injuries),"HYDRAULIC CRANE,OVERTURN",NA,NA,NA,NA,NA,1542,NA
886531,951510,1993-11-01T00:00:00Z,EMPLOYEE INJURED INTRUCK ACCIDENT,"FRACTURE,TRAFFIC ACCIDENT,VEHICLE,EQUIPMENT FAILURE",NA,NA,NA,NA,NA,2061,NA
886572,951510,1994-06-01T20:00:00Z,ELECTRIC SHOCK - GROUND FAULT ENERGIZED WATER PIPE,"BURN,UNCONSCIOUSNESS,ELECTRICAL,E GI VII,GROUND FAULT,EQUIPMENT GROUNDING,ELECTRIC SHOCK,WATER PIPE,METAL PIPE",NA,NA,NA,NA,NA,1742,NA
886598,951510,1994-04-01T08:30:00Z,EMPLOYEE INJURED WHEN MOWING MACHINE OVERTURNS,"FRACTURE,HEAD,LAWN MOWER,CONTUSION,LEG,OVERTURN",NA,NA,NA,NA,NA,7011,NA
886648,951510,1994-02-09T00:00:00Z,Employee injured in forklift roll-over,"EMBANKMENT,EYE,IND TRK OPERATOR,SPINE,ROLL-OVER,WORK RULES,CONSTRUCTION,STEEP GRADE,INDUSTRIAL TRUCK,SLIPPERY SURFACE",NA,NA,NA,NA,NA,1542,NA
886655,951510,1994-05-09T11:55:00Z,"DAMAGED CATERPILLAR HYDRAULIC EXCAVATOR, NO INJURIES","ROCK,ROLL-OVER,EXCAVATOR",NA,NA,NA,NA,NA,1629,NA
886739,951510,1994-07-12T07:30:00Z,ELECTRIC SHOCK - DIRECT CONTACT WITH OVERHEAD LINE,"BURN,OVERHEAD POWER LINE,ELECTRICAL,AGRICULTURE,ELECTRIC SHOCK,E AG,AERIAL LIFT",NA,NA,NA,NA,NA,179,NA
886770,951510,1994-10-12T07:30:00Z,Employee killed when crawler slides into trench,"EJECTED,CRAWLER CRANE,CONSTRUCTION,TRENCH,LOADER",NA,NA,NA,NA,NA,1794,X
886788,951510,1994-11-16T16:00:00Z,ELECTRIC SHOCK - CONTACT WITH OVERHEAD LINE THRU BOOM,"OVERHEAD POWER LINE,ELECTRICAL,BOOM,ELECTROCUTED,E GI IA,DRILL RIG--NON-OIL",NA,NA,NA,NA,NA,1781,X
886804,951510,1994-11-22T13:00:00Z,CRUSHED - STRUCK BY EXCAVATOR BOOM,"BOOM,CRUSHED,EXCAVATOR,STRUCK BY,INATTENTION",NA,NA,NA,NA,NA,2061,X
886812,951510,1995-01-13T00:00:00Z,Diver drowns when diving helmet's air line is severed,"DIVING HELMET,SEVERED,UNCONSCIOUSNESS,CAUGHT BY,CONSTRUCTION,PIPE,DROWN,AIR LINE,DIVER,WATER",NA,NA,NA,NA,NA,1623,X
886846,951510,1995-01-11T10:00:00Z,Employee killed in fall to wooden deck,"FRACTURE,LOSS OF BLOOD,HEMORRHAGE,WORK RULES,CONSTRUCTION,SKULL,FALL,FALL PROTECTION,FACE,BRAIN",NA,NA,NA,NA,NA,1742,X
886861,951510,1995-03-28T10:14:00Z,ELECTRIC SHOCK - CONTACT WITH OVERHEAD LINE THRU TREE BRANCH,"BURN,E GI III,OVERHEAD POWER LINE,ELECTRICAL,TREE LIMB,TREE,ELECTRIC SHOCK,TREE TRIMMING",NA,NA,NA,NA,NA,781,NA
886945,951510,1995-05-09T07:30:00Z,Employee killed in fall from ladder,"UNSECURED,WORK RULES,LADDER,OVERLOADED,TIE WIRE,FALL PROTECTION",NA,NA,NA,NA,NA,8742,X
14300339,951510,1985-07-17T00:00:00Z,CRUSHED BETWEEN MOBILE GROUND POWER UNIT AND PLANE FUSELAGE,"AIRCRAFT,REPAIR,BRAKE,VEHICLE,PINNED,DRIVER,CAUGHT BETWEEN,CRUSHED,VALVE,MOTOR VEHICLE",NA,NA,NA,NA,NA,4512,X
14300362,951510,1985-07-12T00:00:00Z,STRUCK BY ROTATING DRIVE SHAFT AND RUN OVER BY TRUCK,"WHEEL,BOOM TRUCK,MECHANIC,TORSO,TRUCK,STRUCK BY,FACE,RUN OVER,DRIVE SHAFT",NA,NA,NA,NA,NA,179,X
14300370,951510,1985-07-16T00:00:00Z,Employee dies of complications after fall from roof,"FRACTURE,ROOF,WORK RULES,SLIP,CONSTRUCTION,FALL,FALL PROTECTION,SLIPPERY SURFACE,WALKING BACKWARD,CIRCULATORY BLOCKAGE",NA,NA,NA,NA,NA,1761,X
14300396,951510,1985-08-09T00:00:00Z,Employee's back injured by falling chunk of dirt in trench,"EXCAVATION,FRACTURE,WORK RULES,CONSTRUCTION,BACK,STRUCK BY,FALLING OBJECT",NA,NA,NA,NA,NA,1623,NA
14300412,951510,1985-08-15T11:30:00Z,ELECTRIC SHOCK - GROUND FAULT IN LIGHTING CIRCUIT,"LIGHTING CIRCUIT,E GI III,ELECTRICAL,SUSPENDED CEILING,ELECTROCUTED,GROUND FAULT,EQUIPMENT GROUNDING",NA,NA,NA,NA,NA,4813,X
14300446,951510,1985-09-19T14:10:00Z,CRUSHED BY OVERTURNING SOIL SCREEN BOX,"ASPHYXIATED,CONSTRUCTION,CRUSHED,STRUCK BY,OVERTURN",NA,NA,NA,NA,NA,1629,X
14300479,951510,1986-08-30T00:00:00Z,ELECTRIC SHOCK & BURN - ELECTRICAL FAULT IN PANELBOARD,"ELEC PROTECT EQUIP,E GI IV,ELECTRICAL,BUSBAR,ELECTRICAL WORK,LOCKOUT,ELECTRIC SHOCK,ELECTRICAL FAULT",NA,NA,NA,NA,NA,1731,NA
14300487,951510,1986-07-21T00:00:00Z,ELECTRIC SHOCK - CONTACT WITH OVERHEAD LINE THRU WIRE ROPE,"OVERHEAD POWER LINE,ELECTRICAL,WIRE ROPE,E GI IA,HARVESTER,ELECTRIC SHOCK",NA,NA,NA,NA,NA,179,NA
14300503,951510,1986-03-17T00:00:00Z,No employee injuries in crane boom collapse,"CRANE HOOK,CRANE BOOM,CONSTRUCTION,EQUIPMENT FAILURE,CRANE",NA,NA,NA,NA,NA,1622,NA
14300537,951510,1987-05-28T00:00:00Z,No employees injured when crane boom collapses,"CRANE BOOM,CONSTRUCTION,EQUIPMENT FAILURE,CRANE",NA,NA,NA,NA,NA,1542,NA
14300545,951510,1987-07-02T00:00:00Z,"CRANE TIPPED OVER, CRUSHING OPERATOR UNDER CAB","AGRICULTURE,CRUSHED,UNSTABLE SOIL,CRANE,OVERTURN,UNSTABLE POSITION",NA,NA,NA,NA,NA,133,X
14300552,951510,1987-07-11T00:00:00Z,Employee drowns in swimming pool surge chamber,"INSTALLING,SCUBA,WORK RULES,CONSTRUCTION,POOL,DROWN",NA,NA,NA,NA,NA,1711,X
14300560,951510,1988-01-22T00:00:00Z,Employee dies of carbon monoxide poisoning,"UNCONSCIOUSNESS,CPR,CARBOXYHEMOGLOBIN,POISONING,CARBON MONOXIDE,HOTEL",NA,NA,NA,NA,NA,7011,X
14300586,951510,1988-03-07T00:00:00Z,Employee killed when caught between clamshell bucket teeth,"UNSECURED,WORK RULES,CONSTRUCTION,TORSO,CAUGHT BETWEEN,SLOPE,PUNCTURE",NA,NA,NA,NA,NA,1611,X
14300594,951510,1988-04-16T00:00:00Z,EMPLOYEE RUN OVER BY BACKING DUMP TRUCK AT SUGAR CANE FARM,"BACK-UP ALARM,AGRICULTURE,OBSTRUCTED VIEW,TRUCK,DUMP TRUCK,STRUCK BY,RUN OVER,BACKING UP",NA,NA,NA,NA,NA,133,X
14300602,951510,1988-04-28T00:00:00Z,Two employees injured in laboratory explosion,"LEAK,FRACTURE,AGRICULTURE,COLLARBONE,EXPLOSION,LACERATION,GAS LEAK,PROPANE,FACE,ACCIDENTAL DISCHARGE",NA,NA,NA,NA,NA,179,NA
14300610,951510,1985-09-16T00:00:00Z,Two employees injured when crane boom collapses,"AMPUTATED,EQUIPMENT FAILURE,AERIAL LIFT,CONTUSION,FOOT,INSTALLING,CRANE BOOM,CONSTRUCTION,BACK,FALL",NA,NA,NA,NA,NA,15221761,NA
14300636,951510,1985-11-07T00:00:00Z,BURNED BY HOT ROOFING TAR,"BURN,CONSTRUCTION,TOE,HOT TAR,ANKLE,FOOT,LEG",NA,NA,NA,NA,NA,1761,NA
14300651,951510,1985-12-03T10:00:00Z,CRANE BOOM COLLAPSE,"OUTRIGGER,COLLAPSE,TRUCK CRANE,CRANE,OVERTURN",NA,NA,NA,NA,NA,1796,NA
14300685,951510,1986-01-07T14:45:00Z,ASPHYXIATED BY CLEANING SOLVENT VAPORS IN ELEVATOR PIT,"TRICHLOROETHANE,ASPHYXIATED,VENTILATION,CONFINED SPACE,CLEANING,INHALATION,TOXIC FUMES,CHEMICAL,ELEVATOR SHAFT",NA,NA,NA,NA,NA,1796,X
14300693,951510,1986-01-13T00:00:00Z,Roofer killed in 48 ft fall from roof,"GUARDRAIL,ROOF,WORK RULES,SAFETY BELT,CONSTRUCTION,ROOFER,FALL,FALL PROTECTION",NA,NA,NA,NA,NA,1761,X
14300701,951510,1986-02-08T11:40:00Z,TRACTOR TRAILER DRIVER INVOLVED IN TRAFFIC ACCIDENT,"HEAD,TRAFFIC ACCIDENT,TORSO,CRUSHED,SEAT BELT,TRACTOR TRAILER,OVERTURN",NA,NA,NA,NA,NA,133,X
14300750,951510,1986-04-03T00:00:00Z,STRUCK BY FALLING PILING,"FRACTURE,LUNG,PILING,CONSTRUCTION,LACERATION,STRUCK BY,ARM,FACE,FALLING OBJECT,CONTUSION",NA,NA,NA,NA,NA,1629,NA
14300768,951510,1986-04-19T02:50:00Z,TRACTOR-TRAILER ACCIDENT,"TRAFFIC ACCIDENT,TRUCK,TRACTOR TRAILER,LOST CONTROL",NA,NA,NA,NA,NA,133,X
14300784,951510,1985-05-18T00:00:00Z,CRUSHED WHEN INDUSTRIAL TRUCK (FORKLIFT) OVERTURNED,"OVERHEAD PROTECTION,CRUSHED,INDUSTRIAL TRUCK,OVERTURN",NA,NA,NA,NA,NA,1795,X
14300800,951510,1986-05-08T00:00:00Z,Highway inspector killed when run over by oil truck,"BACKING UP,INATTENTION,HIGHWAY,TRAFFIC ACCIDENT,TRUCK,STRUCK BY,RUN OVER",NA,NA,NA,NA,NA,96211611,X
14300818,951510,1986-06-17T00:00:00Z,Employee injured when out-of-control tractor crashes,"WORK RULES,STEEP GRADE,COLLISION,INEXPERIENCE,MIRED,TRACTOR,LOST CONTROL,UNTRAINED,INATTENTION",NA,NA,NA,NA,NA,9621,NA
14300826,951510,1986-07-11T05:11:00Z,Employees crushed by rotor of cane shredder,"FRACTURE,ROTOR,CROP SHREDDER,AGRICULTURE,LOCKOUT,CLOGGED,CRUSHED,LEG",NA,NA,NA,NA,NA,133,X
14300842,951510,1986-07-11T00:00:00Z,Employee killed when crushed by rollover protection,"CLEARANCE,FRONT END LOADER,WORK RULES,LOAD SHIFT,ROPS,CRUSHED,STRUCK BY,UNSTABLE LOAD",NA,NA,NA,NA,NA,7699,X
14300859,951510,1992-04-14T00:00:00Z,Employee's leg fractured when run over by mower,"FRACTURE,WORK RULES,CAUGHT BY,CONSTRUCTION,LAWN MOWER,RUN OVER,COMMUNICATION,INATTENTION,LEG",NA,NA,NA,NA,NA,782,NA
14300875,951510,1986-07-07T00:00:00Z,Employee's hand amputated in fireworks explosion,"BURN,EYE,FRACTURE,HEAD,FIREWORKS,WORK RULES,CLEANING,EXPLOSION,ARM,FACE",NA,NA,NA,NA,NA,7999,NA
14300891,951510,1987-03-24T00:00:00Z,BURN - ELECTRICAL FAULT IN CIRCUIT BREAKER,"BURN,CLOTHING,ELECTRIC ARC,E GI III,ELECTRICAL,ELECTRICIAN,ELECTRICAL WORK,CIRCUIT BREAKER,ELECTRICAL FAULT",NA,NA,NA,NA,NA,1731,NA
14300933,951510,1986-08-06T00:00:00Z,ELECTRIC SHOCK - DIRECT CONTACT WITH OVERHEAD LINE,"BURN,E GI III,OVERHEAD POWER LINE,ELECTRICAL,ELECTRIC SHOCK,PAINTER,SCAFFOLD",NA,NA,NA,NA,NA,1721,NA
14300966,951510,1987-04-29T00:00:00Z,ELECTRIC SHOCK - CONTACT WITH OVERHEAD LINE THRU BOOM,"BOOM TRUCK,OVERHEAD POWER LINE,ELECTRICAL,BOOM,ELECTROCUTED,E C",NA,NA,NA,NA,NA,1761,X
14300982,951510,1987-05-21T00:00:00Z,"One killed, one injured when Truckster's brakes fail","EJECTED,BRAKE,VEHICLE,UNSECURED,HEMORRHAGE,WORK RULES,EQUIPMENT FAILURE,STEEP GRADE,LACERATION,LOST CONTROL",NA,NA,NA,NA,NA,6552,X
14300990,951510,1987-07-27T00:00:00Z,BURNED BY STEAM AND HOT RADIATOR CONTENTS,"BURN,AGRICULTURE,STEAM,NECK,TRACTOR,ARM,FACE,HOT WATER,LEG",NA,NA,NA,NA,NA,133,NA
14301014,951510,1988-05-21T00:00:00Z,Employee killed when pinned under water by truckster,"EMBANKMENT,FRACTURE,HEAD,ASPHYXIATED,VEHICLE,PINNED,CRUSHED,LOST CONTROL,INATTENTION,WATER",NA,NA,NA,NA,NA,7011,X
14301048,951510,1986-03-16T00:00:00Z,CRUSHED BETWEEN CONCRETE SLAB AND CRANE,"CONCRETE SLAB,DEMOLITION,COLLAPSE,STRUCK BY,CRANE,HYDRAULIC CRANE",NA,NA,NA,NA,NA,1795,X
14301055,951510,1987-05-21T00:00:00Z,TRACTOR TRAILER DRIVER KILLED WHEN RIG OVERTURNED,"EMBANKMENT,AGRICULTURE,CRUSHED,TRACTOR TRAILER,TRAILER,LOST CONTROL,OVERTURN",NA,NA,NA,NA,NA,133,X
14301097,951510,1987-08-03T00:00:00Z,Two employees injured in trench cave-in,"PINNED,WORK RULES,CONSTRUCTION,TRENCH,CAVE-IN",NA,NA,NA,NA,NA,1629,NA
14301113,951510,1987-11-24T00:00:00Z,TRUCK TRACTOR CAB OVERTURNED; DRIVER INJURED,"EMBANKMENT,FRACTURE,AGRICULTURE,LACERATION,TRACTOR TRAILER,HIP,CONTUSION,FOOT,OVERTURN",NA,NA,NA,NA,NA,133,NA
14301121,951510,1987-09-25T00:00:00Z,Employee injured in fall from roof,"FRACTURE,ROOF,WORK RULES,SLIP,CONSTRUCTION,SPRAY PAINTING,FALL,FALL PROTECTION",NA,NA,NA,NA,NA,1761,NA
14301139,951510,1988-07-02T00:00:00Z,Employee burns arm  in gasoline fire,"BURN,WORK RULES,FIRE,SPARK,ARM,FACE,GASOLINE,PUMP,LEG",NA,NA,NA,NA,NA,5171,NA
14301154,951510,1987-03-17T00:00:00Z,ELECTRIC SHOCK - DIRECT CONTACT WITH OVERHEAD LINE,"ELEC PROTECT EQUIP,OVERHEAD POWER LINE,ELECTRICAL,TELECOM WORK,E TC,ELECTROCUTED,AERIAL LIFT,COMMUNICATION WORKER",NA,NA,NA,NA,NA,4813,X
14301196,951510,1987-01-23T00:00:00Z,CONSTRUCTION EMPLOYEE KILLED WHEN STRUCK IN CHEST BY BOULDER,"CHEST,ABDOMEN,UNSECURED,BOULDER,CONSTRUCTION,STRUCK BY,SLING,FALLING OBJECT",NA,NA,NA,NA,NA,1741,X
14301279,951510,1987-08-17T00:00:00Z,Employee fractures arm in fall from scaffold,"FRACTURE,WORK RULES,CONSTRUCTION,RIB,FALL,ARM,ELEVATED WORK PLAT,SCAFFOLD",NA,NA,NA,NA,NA,1542,NA
14301303,951510,1988-03-23T00:00:00Z,Employee burned in oven explosion,"BURN,PILOT LIGHT,FLAMMABLE VAPORS,OVEN,WORK RULES,GAS,EXPLOSION,ARM,HAND",NA,NA,NA,NA,NA,7011,NA
220834337,936300,2016-02-18T09:02:00Z,EMPLOYEE DROWNS IN OCEAN DURING A SWIM TEST,"SWIM,DROWN,WATER",NA,NA,NA,NA,NA,NA,X
220883805,951510,2016-07-25T09:07:00Z,EMPLOYEES FALLS WHILE CLIMBING FENCE AND IS KILLED,"FALL,FENCE,HEAD",NA,NA,NA,NA,NA,NA,X
220276554,936300,2012-08-29T10:08:00Z,EMPLOYEE DROWNS WHILE MAKING REPAIRS TO CLUBHOUSE,"ASPHYXIATED,DROWNING",NA,NA,NA,NA,NA,NA,X
220771604,936300,2015-06-04T09:06:00Z,EMPLOYEE CRUSHED BY QUARTZ SLAB,"CAUGHT IN,MATERIAL HANDLING,CRUSHING,STRUCK BY,FALLING OBJECT,CONTAINERIZED CARGO",NA,NA,NA,NA,NA,NA,X
220887335,951510,2016-08-04T11:08:00Z,EMPLOYEE IS KILLED WHEN CRUSHED BY FALLEN CRATE,"STRUCK BY,CAUGHT BETWEEN,FALLING OBJECT,LOAD SHIFT,POWERED INDUSTRIAL VEHICLE,CRATE",NA,NA,NA,NA,NA,NA,X
220161954,936300,2012-05-03T09:05:00Z,EMPLOYEE DIES FROM HEART ATTACK,"UNCONSCIOUSNESS,HEART ATTACK,HEART,COLLAPSE,BOAT,CARDIOVASC SYSTEM",NA,NA,NA,NA,NA,NA,X
14429708,830500,1988-04-21T00:00:00Z,"One employee killed, six injured during fire training","PPE,WORK RULES,INHALATION,UNTRAINED,SMOKE INHALATION,BURN,FIRE,CONSTRUCTION,SMOKE",NA,NA,NA,NA,NA,97111761,X
14433411,951510,1987-07-27T00:00:00Z,Three employees injured when thrown from forklift,"FRACTURE,IND TRK OPERATOR,WORK RULES,OVERLOADED,RIDING ON EQUIPMENT,INDUSTRIAL TRUCK,FACE,OVERTURN,UNSTABLE LOAD",NA,NA,NA,NA,NA,4512,NA
14433437,951510,1987-09-08T00:00:00Z,UNMANNED FRONT END LOADER TUMBLED DOWN MOUNTAIN SIDE,"FRONT END LOADER,BRAKE,WORK RULES,CONSTRUCTION,EARTHMOVING EQUIP,UNMANNED",NA,NA,NA,NA,NA,1794,NA
14433445,951510,1987-09-01T00:00:00Z,Employee burned in welding machine fire,"BURN,WORK RULES,FIRE,WELDER,GASOLINE,HAND,LEG",NA,NA,NA,NA,NA,7699,NA
14433460,951510,1987-09-29T00:00:00Z,Employee injured in 34 ft fall from overhead crane,"REPAIR,SHOULDER,WORK RULES,CONSTRUCTION,OVERHEAD CRANE,FALL,FALL PROTECTION,CONCUSSION,CONTUSION",NA,NA,NA,NA,NA,1793,NA
14433478,951510,1987-10-05T00:00:00Z,Employee injured when struck by wheel of grader,"FRACTURE,GRADER,WORK RULES,CONSTRUCTION,EARTHMOVING EQUIP,PELVIS,STRUCK BY,INATTENTION",NA,NA,NA,NA,NA,1629,NA
14433494,951510,1989-06-17T00:00:00Z,"One employee killed, one injured when buried by sugar cane","CHEST,WORK RULES,JAMMED,CONVEYOR,ARM,BURIED,CONTUSION",NA,NA,NA,NA,NA,2061,X
14433502,951510,1989-06-26T00:00:00Z,FOUR EMPLOYEES BURNED IN SUGAR PLANT FIRE,"BURN,FIRE EXT SYSTEM,KILN,BELT CONVEYOR,FIRE,EXPLOSION",NA,NA,NA,NA,NA,2061,NA
14433510,951510,1991-07-22T00:00:00Z,Employee's Arm Severed When Trapped Against Drill Rod,"SEVERED,INSTALLING,PINNED,CAUGHT BY,CONSTRUCTION,DRILL RIG--NON-OIL,ARM",NA,NA,NA,NA,NA,1629,NA
14433528,951510,1991-09-04T00:00:00Z,Employee seriously injured when forklift overturns,"EJECTED,FRACTURE,IND TRK OPERATOR,COLLARBONE,CONSTRUCTION,INDUSTRIAL TRUCK,SKULL,LOST CONTROL,SLOPE,OVERTURN",NA,NA,NA,NA,NA,1771,NA
14433536,951510,1991-11-21T00:00:00Z,Employee killed when caught between tong and cable,"CHEST,ABDOMEN,WIRE ROPE,PINNED,CONSTRUCTION,CAUGHT BETWEEN,DRILL RIG--NON-OIL",NA,NA,NA,NA,NA,1781,X
14433544,951510,1992-01-19T18:43:00Z,ELECTRIC SHOCK - DIRECT CONTACT WITH ENERGIZED PARTS,"REPAIR,E GI IV,ELECTRICAL,ELECTROCUTED,BUSBAR,LOCKOUT,UNTRAINED",NA,NA,NA,NA,NA,7011,X
14433569,951510,1992-05-04T00:00:00Z,Employee injured when truck plunges off bridge,"TRAFFIC ACCIDENT,EQUIPMENT FAILURE,TRUCK,BRIDGE,POOR VISIBILITY,TRUCK DRIVER",NA,NA,NA,NA,NA,2061,NA
14433577,951510,1992-09-22T08:40:00Z,Employee injured in fall from unguarded roof,"WORK RULES,ABRASION,CONCUSSION,LOST BALANCE,CONTUSION,ROOF,CONSTRUCTION,FALL,SPRAIN,UNGUARDED",NA,NA,NA,NA,NA,15421761,NA
14433593,951510,1993-07-02T06:45:00Z,EMPLOYEE INJURED IN FALL FROM ROOF,"FRACTURE,WORK RULES,CONSTRUCTION,SKULL,FALL,FALL PROTECTION,SLIPPERY SURFACE,BRAIN,CONTUSION",NA,NA,NA,NA,NA,1791,NA
14433601,951510,1993-10-29T11:55:00Z,Electric shock - direct contact with live parts,"ELECTRICAL,ELECTRICAL TESTING,ELECTRICIAN,ELECTROCUTED,LOCKOUT,TEST EQUIPMENT,E PTD,ELEC UTILITY WORK",NA,NA,NA,NA,NA,4911,X
14433619,951510,1987-10-09T00:00:00Z,Employee struck and killed by flying object,"MILLING MACHINE,NECK,STRUCK BY,FLYING OBJECT",NA,NA,NA,NA,NA,3312,X
14433635,951510,1987-11-21T00:00:00Z,Employee injured when struck by falling steel beam,"FOOTINGS,STEEL BEAM,COLLAPSE,CONSTRUCTION,EQUIPMENT FAILURE,BOLT,STRUCK BY,FALLING OBJECT",NA,NA,NA,NA,NA,1791,NA
14433643,951510,1988-12-07T00:00:00Z,EMPLOYEE JUMPED FROM MOVING TRUCK TRACTOR; SUFFERS CONTUSION,"CHEST,AGRICULTURE,STEEP GRADE,TRUCK,FALL,LOST CONTROL,HIP,CONTUSION",NA,NA,NA,NA,NA,133,NA
14433650,951510,1988-04-18T00:00:00Z,Employee injured when head caught between axle and frame,"FRACTURE,HEAD,ROTATING PARTS,WORK RULES,LOCKOUT,CAUGHT BETWEEN,TRASH COMPACTOR,FACE",NA,NA,NA,NA,NA,4953,NA
14433668,951510,1988-06-14T00:00:00Z,Employee crushed and killed by backing payloader,"BACK-UP ALARM,VEHICLE,WORK RULES,EQUIPMENT OPERATOR,EARTHMOVING EQUIP,CRUSHED,STRUCK BY,BACKING UP,INATTENTION",NA,NA,NA,NA,NA,1429,X
14433676,951510,1989-02-15T00:00:00Z,Employee's toes partially amputated by lawn mower,"AMPUTATED,SLIP,LACERATION,LAWN MOWER,SLIPPERY SURFACE,TOE",NA,NA,NA,NA,NA,6552,NA
14433684,951510,1990-03-01T00:00:00Z,Employee burned in lp gas fire,"BURN,FLAMMABLE VAPORS,WORK RULES,FIRE,EXPLOSION,LP GAS,GAS LEAK,ARM,FACE",NA,NA,NA,NA,NA,7992,NA
14433692,951510,1990-07-07T00:00:00Z,Employee injured in fall from scaffold,"FRACTURE,SPINE,CONSTRUCTION,EQUIPMENT FAILURE,PLANK,DISLOCATED,FALL,ELBOW,VERTEBRA,SCAFFOLD",NA,NA,NA,NA,NA,1542,NA
14433726,951510,1990-07-24T00:00:00Z,BURN - ELECTRICAL FAULT IN TEST EQUIPMENT,"BURN,ELECTRIC MOTOR,ELECTRIC ARC,E GI IV,ELECTRICAL,ELECTRICIAN,ELECTRICAL WORK,LOCKOUT,TEST EQUIPMENT,ELECTRICAL FAULT",NA,NA,NA,NA,NA,1731,NA
14433734,951510,1991-04-14T00:00:00Z,Employee injured in fall from scaffold,"FRACTURE,MOBILE SCAFFOLD,WORK RULES,COLLARBONE,CONSTRUCTION,SPRAY PAINTING,RIB,FALL,FALL PROTECTION,SCAFFOLD",NA,NA,NA,NA,NA,1721,NA
14433775,951510,1988-02-02T00:00:00Z,Two employees injured by falling scaffold debris,"WORK RULES,EQUIPMENT FAILURE,TWO-BLOCKING,CONTUSION,WIRE ROPE,BROKEN CABLE,CONSTRUCTION,STRUCK BY,FALLING OBJECT,CRANE",NA,NA,NA,NA,NA,17911623,NA
14433817,951510,1988-02-29T00:00:00Z,BURN - ELECTRICAL FAULT IN PANELBOARD,"BURN,CLOTHING,ELECTRIC ARC,E GI IV,ELECTRICAL,ELECTRICIAN,PANELBOARD,ELECTRICAL WORK,LOCKOUT,ELECTRICAL FAULT",NA,NA,NA,NA,NA,1731,NA
14433825,951510,1988-02-25T00:00:00Z,Employee injured in fall when ladder footing slips,"UNSECURED,WORK RULES,LADDER,SLIP,CONSTRUCTION,FALL,FALL PROTECTION",NA,NA,NA,NA,NA,1791,NA
14433833,951510,1988-02-28T00:00:00Z,Employee killed when tire and wheel assembly explodes,"HEAD,SINGLE PIECE RIM,WORK RULES,EXPLOSION,INFLATING,STRUCK BY,FLYING OBJECT,TIRE RIM,INATTENTION,TIRE",NA,NA,NA,NA,NA,5541,X
14433841,951510,1988-04-21T00:00:00Z,EMPLOYEE RUN OVER BY BACKING FLATBED TRUCK,"BACK-UP ALARM,AGRICULTURE,OBSTRUCTED VIEW,WORK RULES,TRUCK,STRUCK BY,FLATBED TRUCK,BACKING UP",NA,NA,NA,NA,NA,179,X
14433874,951510,1991-02-28T00:00:00Z,Employee unhurt in mobile crane overturn,"UNEVEN GROUND,UNSECURED,WORK RULES,MOBILE CRANE,CONSTRUCTION,SHARP TURN,OVERTURN",NA,NA,NA,NA,NA,1522,NA
14433908,951510,1989-12-14T00:00:00Z,Employee dies in fall from open-sided floor,"CONSTRUCTION,FALL,FALL PROTECTION,OPEN-SIDED FLOOR,UNGUARDED",NA,NA,NA,NA,NA,1741,X
14433916,951510,1991-10-10T00:00:00Z,Employee killed when struck on head by lock ring,"BLOWOUT--TIRE,INSTALLING,STRUCK BY,FLYING OBJECT,TIRE",NA,NA,NA,NA,NA,7534,X
14433924,951510,1992-03-05T00:00:00Z,Employee bruised when tractor jackknifes,"UNEVEN GROUND,AGRICULTURE,BACK,TRACTOR,CONTUSION",NA,NA,NA,NA,NA,133,NA
14433973,951510,1989-06-01T00:00:00Z,ELECTRIC SHOCK - DIRECT CONTACT WITH ENERGIZED PARTS,"ELECTRICAL,POWER LINE WORKER,ELECTROCUTED,LOCKOUT,E PTD,ELEC CIRC PART--MISC,ELEC UTILITY WORK",NA,NA,NA,NA,NA,4911,X
14434005,951510,1990-03-13T00:00:00Z,Employee killed in fall while trimming coconut tree,"HEAD,WORK RULES,FALL,FALL PROTECTION,TREE TRIMMING,INATTENTION",NA,NA,NA,NA,NA,782,X
14434013,951510,1990-05-14T00:00:00Z,Employee injures shoulder in explosion in nearby bulkhead,"SHOULDER,STRUCK AGAINST,WELDING,EXPLOSION,DISLOCATED,TANK",NA,NA,NA,NA,NA,5172,NA
14434021,951510,1990-07-19T00:00:00Z,Employee injured when three cane haulers collide,"FRACTURE,AGRICULTURE,PINNED,WORK RULES,COLLISION,MECH MALFUNCTION,INATTENTION,LEG,POOR VISIBILITY",NA,NA,NA,NA,NA,133,NA
14434039,951510,1988-05-05T00:00:00Z,Employee injured in 17 ft fall from I-beam,"BLOOD CLOT,FRACTURE,WORK RULES,CONSTRUCTION,FALL,FALL PROTECTION,WALKING ON BEAM,CONCUSSION,LOST BALANCE,UNSTABLE POSITION",NA,NA,NA,NA,NA,1629,NA
14434047,951510,1988-05-15T00:00:00Z,BOOM OF IRRIGATION TRUCK CONTACTED ELECTRIC WIRE,"BURN,OVERHEAD POWER LINE,ELECTRICAL,AGRICULTURE,FINGER,WORK RULES,TRUCK,ELECTRIC SHOCK",NA,NA,NA,NA,NA,179,NA
14434054,951510,1988-02-05T00:00:00Z,Three injured when truck loses control down hill,"EJECTED,FRACTURE,GARBAGE TRUCK,BRAKE,STRUCK AGAINST,EQUIPMENT FAILURE,FALL,LOST CONTROL,OVERTURN",NA,NA,NA,NA,NA,4953,NA
14434062,951510,1988-07-12T00:00:00Z,No injuries when valve leak causes hydrogen to ignite,"HYDROGEN,FLAMMABLE VAPORS,FIRE,VALVE,GAS LEAK,MECH MALFUNCTION",NA,NA,NA,NA,NA,2813,NA
14434096,951510,1988-08-01T00:00:00Z,Two employees injured jumping from runaway loader,"LOADER/BACKHOE,WORK RULES,CONSTRUCTION,RIDING ON EQUIPMENT,STEEP GRADE,FALL,LOST CONTROL",NA,NA,NA,NA,NA,1521,NA
14434120,951510,1988-06-17T00:00:00Z,Four employees burned in fire; one dies,"BURN,REPAIR,FIRE,WELDER",NA,NA,NA,NA,NA,76927997,X
14434146,951510,1988-08-30T00:00:00Z,Employee injured in fall from ladder,"UNSECURED,WORK RULES,SKULL,LOST BALANCE,FRACTURE,EXTENSION LADDER,STRUCK AGAINST,FALL,ARM",NA,NA,NA,NA,NA,30891761,NA
14434161,951510,1988-08-16T00:00:00Z,Employee injured when caught between sling and 12 in. pipe,"SIGNALMAN,WORK RULES,CONSTRUCTION,TRENCH,CAUGHT BETWEEN,SLING,BACKHOE,COMMUNICATION",NA,NA,NA,NA,NA,1623,NA
14434195,951510,1988-10-06T00:00:00Z,No injuries reported when wall falls on crane boom and cab,"WALL,COUNTERBALANCE,COLLAPSE,STRUCK AGAINST,CONSTRUCTION,CRANE",NA,NA,NA,NA,NA,15427359,NA
14434203,951510,1988-10-10T00:00:00Z,Employee killed in fall with ladder,"HEAD,UNSECURED,WORK RULES,LADDER,CONSTRUCTION,ROOFER,FALL",NA,NA,NA,NA,NA,1761,X
14434211,951510,1988-12-22T00:00:00Z,Employee injured as tractor slips down highway embankment,"EMBANKMENT,FRACTURE,HIGHWAY,SLIP,LAWN MOWER,TRACTOR,ARM,LOST CONTROL,SLOPE,LEG",NA,NA,NA,NA,NA,9621,NA
14434229,951510,1989-01-06T00:00:00Z,ELECTRIC SHOCK - CONTACT WITH OVERHEAD LINE THRU LADDER,"BURN,OVERHEAD POWER LINE,ELECTRICAL,ELECTROCUTED,LADDER,METAL LADDER,ELECTRIC SHOCK,E GI IB",NA,NA,NA,NA,NA,1761,X
14434245,951510,1989-10-24T00:00:00Z,EMPLOYEE FELL OFF TRUCK PLATFORM AND WAS STRUCK BY PIPE,"PLATFORM,FALL,PIPE,STRUCK BY,CONCRETE,CONTUSION",NA,NA,NA,NA,NA,1542,NA
14434252,951510,1990-05-11T00:00:00Z,ELECTRIC SHOCK - DIRECT CONTACT WITH OVERHEAD LINE,"BURN,CLOTHING,ELEC PROTECT EQUIP,OVERHEAD POWER LINE,ELECTRICAL,POWER LINE WORKER,E PTD,ELEC UTILITY WORK,ELECTRIC SHOCK",NA,NA,NA,NA,NA,4911,NA
14434278,951510,1989-12-11T00:00:00Z,Employee fractures spine in fall into culvert,"FRACTURE,SPINE,AGRICULTURE,FALL,UNSTABLE SOIL",NA,NA,NA,NA,NA,133,NA
14434286,951510,1989-03-07T00:00:00Z,Employee injured by fall from third floor patio railing,"CHEST,SHOULDER,WORK RULES,CONSTRUCTION,PELVIS,FALL,ARM,LOST BALANCE,CONTUSION,UNSTABLE POSITION",NA,NA,NA,NA,NA,1799,NA
14436661,935000,1996-01-10T12:50:00Z,Employee died from natural causes,HEART,NA,NA,NA,NA,NA,9711,X
14434294,951510,1989-03-06T00:00:00Z,Employee injured when 55 gallon drum explodes during cutting,"HEAD,FLAMMABLE VAPORS,WORK RULES,DRUM,CONSTRUCTION,EXPLOSION,LACERATION,FACE,CUTTING AND BURNING",NA,NA,NA,NA,NA,1799,NA
14434302,951510,1989-04-11T00:00:00Z,Employee injured in fall from second floor of townhouse,"FRACTURE,WORK RULES,COLLARBONE,CONSTRUCTION,EAR,LACERATION,RIB,FALL,FALL PROTECTION,CONCUSSION",NA,NA,NA,NA,NA,1751,NA
14434328,951510,1989-04-12T00:00:00Z,ELECTRIC SHOCK - DIRECT CONTACT WITH ENERGIZED PARTS,"BURN,CLOTHING,ELECTRICAL,E PTD,SUBSTATION,CIRCUIT BREAKER,ELECTRIC SHOCK,PAINTER,UNTRAINED",NA,NA,NA,NA,NA,1721,NA
14434336,951510,1989-04-08T00:00:00Z,Employee injured when struck by flying roller chain link,"EYE,FRACTURE,AGRICULTURE,EQUIPMENT FAILURE,SKULL,STRUCK BY,FLYING OBJECT,BROKEN CHAIN",NA,NA,NA,NA,NA,133,NA
14434344,951510,1989-05-03T00:00:00Z,Employee killed when crushed by elevator,"MAINTENANCE,WORK RULES,LOCKOUT,CRUSHED,ELEVATOR,ELEVATOR SHAFT,MACHINE--MISC",NA,NA,NA,NA,NA,5084,X
14434351,951510,1989-04-27T00:00:00Z,Employee injured by fall from cooling tower,"FRACTURE,INSTALLING,COOLING TOWER,CONSTRUCTION,SKULL,FALL,FALL PROTECTION,BRAIN,HIP",NA,NA,NA,NA,NA,1629,NA
14434369,951510,1989-04-12T00:00:00Z,ELECTRIC SHOCK - CONTACT WITH OVERHEAD LINE THRU CLOTH TAPE,"BURN,OVERHEAD POWER LINE,ELECTRICAL,MEASURING DEVICE,POWER LINE WORKER,E PTD,ELEC UTILITY WORK,ELECTRIC SHOCK",NA,NA,NA,NA,NA,1623,NA
14434377,951510,1989-05-15T00:00:00Z,Employee injured in fall from vertical tower,"PLATFORM,CONSTRUCTION,BACK,UNSTABLE SURFACE,FALL,FALL PROTECTION,LEG",NA,NA,NA,NA,NA,1623,NA
14434385,951510,1989-07-19T00:00:00Z,EMPLOYEE KILLED WHEN CRUSHED BY LOAD OF LUMBER,"CONSTRUCTION,TORSO,CRUSHED,INDUSTRIAL TRUCK,LUMBER",NA,NA,NA,NA,NA,1521,X
14434393,951510,1989-05-27T00:00:00Z,Employee killed when run over by cane haul truck,"EJECTED,WHEEL,AGRICULTURE,CRUSHED,TRUCK,LOST CONTROL,RUN OVER",NA,NA,NA,NA,NA,133,X
14434401,951510,1989-06-13T00:00:00Z,Employee injured in fall from corrugated steel sheet decking,"DECKING,FRACTURE,INSTALLING,UNSECURED,CONSTRUCTION,FALL,FALL PROTECTION,FOOT",NA,NA,NA,NA,NA,1629,NA
14436687,935000,2002-04-11T13:00:00Z,Employee dies from striking deck after falling off ladder,"DECKING,HEAD,LADDER,STRUCK AGAINST,FALL,FALL PROTECTION,PAINTER",NA,NA,NA,NA,NA,3731,X
14436877,935000,1999-05-25T02:30:00Z,Employee killed after driving industrial truck off pier,"LONGSHORING,IND TRK OPERATOR,PIER,INDUSTRIAL TRUCK",NA,NA,NA,NA,NA,4491,X
14533962,931300,1985-02-01T00:00:00Z,"STRAD CARRIER OPERATOR HAD HEART ATTACK, FELL FROM VEHICLE","LONGSHORING,STRADDLE CARRIER,HEART ATTACK,SEAT BELT,FALL",NA,NA,NA,NA,NA,4491,X
14534804,931300,1988-02-17T00:00:00Z,Employee drowns in fall from pier,"LONGSHORING,HEAD,UNCONSCIOUSNESS,PIER,CPR,STRUCK AGAINST,FALL,DROWN,LIFE JACKET,LOST BALANCE",NA,NA,NA,NA,NA,4491,X
14534903,931300,1994-12-05T10:35:00Z,Employee dies after crushed while working under pier,"BARGE,INSTALLING,PIER,CONSTRUCTION,CAUGHT BETWEEN,CRUSHED,WORK PLATFORM",NA,NA,NA,NA,NA,1711,X
14534929,931300,1994-07-09T11:00:00Z,Employee drowns while free diving,"DIVING,DROWN,BOAT,WATER",NA,NA,NA,NA,NA,7999,X
14548531,951510,1984-05-21T00:00:00Z,Employee injured in jump from toppling crane,"FRACTURE,WORK RULES,EQUIPMENT OPERATOR,CONSTRUCTION,RIB,FALL,UNSTABLE SOIL,CONTUSION,CRANE,OVERTURN",NA,NA,NA,NA,NA,1622,NA
14548549,951510,1984-06-02T11:50:00Z,CAUGHT IN MOVING CONVEYOR SLATS,"MAINTENANCE,LOCKOUT,CONVEYOR,FALL,LEG",NA,NA,NA,NA,NA,2061,X
14548556,951510,1985-04-12T00:00:00Z,Employee injured when buried in trench cave-in,"OXYGEN DEFICIENCY,FRACTURE,WORK RULES,CONSTRUCTION,TRENCH,SHORING,SLOPING,BURIED,CAVE-IN,BRAIN",NA,NA,NA,NA,NA,1623,NA
14548564,951510,1987-09-29T00:00:00Z,Employee burned by hot water when radiator boils over,"BURN,ABDOMEN,EQUIPMENT OPERATOR,TRACTOR,ARM,OVERHEATED,PRESSURE RELEASE,HOT WATER,LEG",NA,NA,NA,NA,NA,2061,NA
14548572,951510,1988-12-13T00:00:00Z,Truck driver killed in plunge with rig over bridge,"EMBANKMENT,BRIDGE,LOST CONTROL,TRUCK DRIVER",NA,NA,NA,NA,NA,2061,X
14548580,951510,1986-10-31T00:00:00Z,EMPLOYEE'S ARM CAUGHT IN SCREW CONVEYOR,"FRACTURE,SCREW CONVEYOR,WORK RULES,CLEANING,LOCKOUT,ARM",NA,NA,NA,NA,NA,2095,NA
14548598,951510,1987-02-12T00:00:00Z,CONSTRUCTION WORKER INJURED IN FALL FROM EXTENSION LADDER,"FRACTURE,HEAD,EXTENSION LADDER,LADDER,CONSTRUCTION,LACERATION,RIB,FALL,CONCUSSION",NA,NA,NA,NA,NA,1521,NA
14548606,951510,1987-03-09T00:00:00Z,CONSTRUCTION WORKER INJURED WHEN EXPLOSIVE SET OFF IN TRENCH,"CHEST,EXPLOSIVES,CONSTRUCTION,EAR,TRENCH,EXPLOSION,HEARING LOSS,STRUCK BY,FLYING OBJECT,CONTUSION",NA,NA,NA,NA,NA,1629,NA
14548622,951510,1987-06-26T00:00:00Z,Employee injured when struck by falling column form,"FRACTURE,UNSECURED,WORK RULES,CONSTRUCTION,FALL,STRUCK BY,ELEVATED WORK PLAT,HIP,LEG,OVERTURN",NA,NA,NA,NA,NA,1542,NA
14548630,951510,1985-01-14T00:00:00Z,Employee killed in fall through skylight opening,"SKYLIGHT,HEAD,ROOF,WORK RULES,SLIP,CONSTRUCTION,ROOFER,FALL,FALL PROTECTION,INATTENTION",NA,NA,NA,NA,NA,1761,X
14548655,951510,1985-02-25T00:00:00Z,FALL FROM DIKE WALL,"FRACTURE,WALL,FINGER,LACERATION,FALL,HIP,CONTUSION,LEG,WRIST",NA,NA,NA,NA,NA,1629,NA
14548713,951510,1984-05-09T06:05:00Z,EMPLOYEE COLLAPSED: POSSIBLE HEART ATTACK OR STROKE,HEART ATTACK,NA,NA,NA,NA,NA,179,X
14548721,951510,1984-07-30T00:00:00Z,Employee injured when old truck breaks in half,"TANK TRUCK,VEHICLE,WORK RULES,CONSTRUCTION,EQUIPMENT FAILURE,TRUCK,TRUCK DRIVER",NA,NA,NA,NA,NA,1611,NA
14548739,951510,1984-11-19T00:00:00Z,OXYGEN CYLINDER REGULATOR EXPLODED,"OXYGEN,REGULATOR VALVE,CYLINDER,COMPRESSED GAS,EXPLOSION",NA,NA,NA,NA,NA,133,NA
14548747,951510,1985-08-02T00:00:00Z,FALL FROM LADDER,"MOUTH,LADDER,EAR,NOSE,METAL LADDER,FALL",NA,NA,NA,NA,NA,5311,X
14548754,951510,1987-02-04T00:00:00Z,EMPLOYEE INJURED IN FALL THROUGH STOREROOM CEILING,"FRACTURE,UNSECURED,AGRICULTURE,NOSE,LACERATION,UNSTABLE SURFACE,FALL,FACE",NA,NA,NA,NA,NA,133,NA
14548762,951510,1986-10-02T00:00:00Z,ELECTRIC SHOCK & BURN - GROUND FAULT IN RECEPTACLE OUTLET,"BURN,RECEPTACLE,ELECTRICAL,E GI VII,GROUND FAULT,ELECTRIC SHOCK,ELEC EQUIPMENT--MISC",NA,NA,NA,NA,NA,7349,NA
14548770,951510,1985-09-10T00:00:00Z,EMPLOYEE CRUSHED BETWEEN ROLLERS,"MAINTENANCE,LOCKOUT,ROLLER--MACH/PART,CRUSHED",NA,NA,NA,NA,NA,133,X
14548788,951510,1984-04-02T00:00:00Z,Three Employees Injured in Fall When Hoist Cable Breaks,"SINGLE-PT SUSP SCAFF,WORK RULES,BROKEN CABLE,CONSTRUCTION,EQUIPMENT FAILURE,FALL,FALL PROTECTION,STRUCK BY,ELEVATED WORK PLAT,FALLING OBJECT",NA,NA,NA,NA,NA,1796,NA
14548804,951510,1984-04-27T00:00:00Z,Employee injured in fall from roof,"FRACTURE,INSTALLING,ROOF,UNSECURED,UNSECURED PANEL,WORK RULES,CONSTRUCTION,FALL,FALL PROTECTION,LOST BALANCE",NA,NA,NA,NA,NA,1542,NA
14548812,951510,1984-05-07T00:00:00Z,HOTEL FIRE,"FIRE,SMOKE,FIRE BRIGADE,POISONING,CARBON MONOXIDE,SMOKE INHALATION",NA,NA,NA,NA,NA,7011,X
14548820,951510,1985-09-26T00:00:00Z,RUN OVER BY PLANTER MACHINE,"AGRICULTURE,TRACTOR,RUN OVER,INATTENTION",NA,NA,NA,NA,NA,133,X
14548895,951510,1984-09-24T00:00:00Z,ELECTRIC SHOCK - CONTACT WITH OVERHEAD LINE THRU BOOM,"BURN,CLOTHING,OVERHEAD POWER LINE,ELECTRICAL,BOOM,CPR,AGRICULTURE,ELECTRIC SHOCK,IRRIGATION EQUIPMENT,E AG",NA,NA,NA,NA,NA,179,NA
14548903,951510,1984-05-21T00:00:00Z,STRUCK AND CRUSHED BY FALLING PART OF CANE HARVESTER,"MAINTENANCE,SPLEEN,HARVESTER,BACK,CRUSHED,STRUCK BY,KIDNEY,FALLING OBJECT,HIP,CONTUSION",NA,NA,NA,NA,NA,3523,NA
14548929,951510,1984-06-26T00:00:00Z,Employee crushed and killed when truck goes over embankment,"EMBANKMENT,VEHICLE,CONSTRUCTION,CRUSHED,TRUCK",NA,NA,NA,NA,NA,1799,X
14548960,951510,1985-09-04T00:00:00Z,LEFT FOREARM CRUSHED BETWEEN PULLY AND BELT,"FRACTURE,MAINTENANCE,AGRICULTURE,FINGER,LOCKOUT,CRUSHED,LACERATION,ARM,NIP POINT,PULLEY",NA,NA,NA,NA,NA,133,NA
14548994,951510,1987-02-04T10:40:00Z,CONSTRUCTION WORKER STRUCK BY BACKHOE BUCKET; LEG BROKEN,"FRACTURE,WORK RULES,CONSTRUCTION,TRENCH,STRUCK BY,BACKHOE,BACKHOE BUCKET,INATTENTION,LEG",NA,NA,NA,NA,NA,1623,NA
14549034,951510,1984-06-27T12:20:00Z,ELECTRIC SHOCK - CONTACT WITH UNDERGROUND LINE THRU DIGGER,"BURN,CLOTHING,ELECTRICAL,CONSTRUCTION,TRENCH,TRENCH DIGGER,E C,ELECTRIC SHOCK,UNDRGRD POWER LINE",NA,NA,NA,NA,NA,1741,NA
14549042,951510,1984-08-03T11:45:00Z,"FLASH POWDER EXPLODED, INJURING EMPLOYEE","FRACTURE,FINGER,EXPLOSION,NECK,ARM,POWDER,FACE,LEG",NA,NA,NA,NA,NA,8734,NA
14549059,951510,1987-04-01T00:00:00Z,EMPLOYEE INJURED WHEN HE JUMPED FROM SCAFFOLD,"FRACTURE,CRANE BOOM,CONSTRUCTION,THUMB,RIB,FALL,SCAFFOLD",NA,NA,NA,NA,NA,3273,NA
14549067,951510,1987-04-02T09:15:00Z,10 CONSTRUCTION WORKERS INJURED WHEN ELEVATOR FORM FELL,"UNSECURED,WORK RULES,ABRASION,CONTUSION,ELEVATOR SHAFT,BUTTOCKS,CONSTRUCTION,FALL",NA,NA,NA,NA,NA,17991522,NA
14549083,951510,1990-06-06T00:00:00Z,Employee killed in fall from second floor,"HEAD,CARPENTER,WORK RULES,STRUCK AGAINST,CONSTRUCTION,FALL,FALL PROTECTION",NA,NA,NA,NA,NA,1521,X
14549174,951510,1984-12-20T00:00:00Z,"ASPHALT TANK BACK PLATE BLEW OFF, INJURING EMPLOYEE","BURN,KNEE,ABRASION,HIGH PRESSURE,STRUCK BY,TANK,HAND,ASPHALT,CONTUSION,LEG",NA,NA,NA,NA,NA,2951,NA
14549190,951510,1985-01-25T08:30:00Z,HAND AND ARM CAUGHT IN FEEDER BAR,"AMPUTATED,FINGER,GUARD,CLEANING,INTERLOCK,ROLLER--MACH/PART,ARM,NIP POINT",NA,NA,NA,NA,NA,2098,NA
14549224,951510,1984-08-19T00:00:00Z,EMPLOYEE'S FINGERS AMPUTATED BY DOUGH DIVIDER MACHINE,"KNIFE,AMPUTATED,FINGER,CLEANING,LOCKOUT,CONVEYOR BELT,HOPPER",NA,NA,NA,NA,NA,5149,NA
14549240,951510,1985-03-19T00:00:00Z,ELECTRIC SHOCK - CONTACT WITH OVERHEAD LINE THRU BOOM,"OVERHEAD POWER LINE,ELECTRICAL,CONCRETE TRUCK,E C,ELECTRIC SHOCK,CONCUSSION,BOOM",NA,NA,NA,NA,NA,32731741,NA
14549257,951510,1985-05-18T00:00:00Z,Employee killed when struck by falling traffic light pole,"HEAD,WALL,DEMOLITION,WORK RULES,CONSTRUCTION,EARTHMOVING EQUIP,STRUCK BY,FALLING OBJECT",NA,NA,NA,NA,NA,1795,X
14549265,951510,1989-05-11T00:00:00Z,Employee injured in fall from scaffold when plank breaks,"FRACTURE,HEAD,CONSTRUCTION,PLANK,LACERATION,UNSTABLE SURFACE,FALL,FALL PROTECTION,VERTEBRA,SCAFFOLD",NA,NA,NA,NA,NA,1791,NA
14549299,951510,1986-08-21T07:30:00Z,EMPLOYEE SLIPPED AND FELL ON WET CONCRETE FLOOR,"BLOOD CLOT,HEAD,MAINTENANCE,SLIP,FALL,SLIPPERY SURFACE",NA,NA,NA,NA,NA,6531,X
14549315,951510,1986-12-05T14:00:00Z,EMPLOYEE FELL WHEN UNSECURED PLANK SLIPPED OFF ITS SUPPORT,"HEAD,UNSECURED,WORK RULES,SLIP,PLANK,FALL",NA,NA,NA,NA,NA,133,X
14549331,951510,1986-12-05T00:00:00Z,TWO ELECTRICIANS INJURED WHEN SCAFFOLD FELL OVER,"ELECTRICIAN,FALL,OVERTURN,SCAFFOLD,TUBULAR SCAFFOLD,UNSTABLE POSITION",NA,NA,NA,NA,NA,1731,NA
14549349,951510,1986-12-11T00:00:00Z,CONSTRUCTION EMPLOYEE INJURED WHEN CEMENT TRUCK FELL ON HIM,"AMPUTATED,CONCRETE MIXER,CONSTRUCTION,TRENCH,STRUCK BY,LEG,UNSTABLE POSITION",NA,NA,NA,NA,NA,1623,NA
14549372,951510,1987-01-07T00:00:00Z,Employee injured in trench cave-in,"WORK RULES,STRUCK AGAINST,CONSTRUCTION,TRENCH,ABRASION,SHORING,STRUCK BY,UNSTABLE SOIL,CAVE-IN,CONTUSION",NA,NA,NA,NA,NA,1623,NA
14549380,951510,1994-06-30T00:00:00Z,Employee dies of shock after tractor collision,"EJECTED,SHOCK,COLLISION,CRUSHED,TREE,PELVIS,TRACTOR",NA,NA,NA,NA,NA,8733,X
14549489,951510,1987-02-06T00:00:00Z,BURN - ELECTRICAL FIRE,"BURN,CLOTHING,ELECTRIC ARC,E GI III,ELECTRICAL,MEASURING DEVICE,FIRE,CIRCUIT BREAKER",NA,NA,NA,NA,NA,1731,NA
14549497,951510,1987-02-13T06:05:00Z,EMPLOYEE'S SKULL FRACTURED WHEN STRUCK BY AIRCRAFT PROPELLER,"FRACTURE,HEAD,MAINTENANCE,WORK RULES,SKULL,AIRCRAFT PROPELLER,STRUCK BY,INATTENTION",NA,NA,NA,NA,NA,4512,NA
14549505,951510,1987-02-10T00:00:00Z,ELDERLY COMPANY PRESIDENT KILLED IN FALL,"ELDERLY,FALL,LOST BALANCE",NA,NA,NA,NA,NA,2329,X
101950384,951510,2000-07-14T13:00:00Z,Employee burned in natural gas explosion,"BURN,VAPOR,FLAMMABLE VAPORS,OVEN,FIRE,NATURAL GAS,EXPLOSION",NA,NA,NA,NA,NA,2051,NA
103600383,935000,2003-09-12T14:50:00Z,Employee Is Crushed During Cargo Off Loading,"CRUSHED,TRUCK DRIVER",NA,NA,NA,NA,NA,4212,X
109335042,935000,2004-08-14T16:00:00Z,Employee killed when struck by truck on airport runway,"HIGHWAY,TRAFFIC ACCIDENT,TRAFFIC BARREL,AIRPORT,INADEQUATE MAINT,WORK RULES,CONSTRUCTION,TRAFFIC CONTROL,INATTENTION",I,NA,NA,D,C,1611,X
109335984,935000,1999-11-12T10:30:00Z,Employee killed when caught between tractor cab and trailer,"LONGSHORING,ASPHYXIATED,VEHICLE IN GEAR,BRAKE,PINNED,WORK RULES,CAUGHT BETWEEN,TRACTOR TRAILER,TRACTOR--TRUCK",NA,NA,NA,NA,NA,4491,X
171047103,951510,1996-01-05T15:15:00Z,Employee killed in fall from roof,"ROOF,SIGNALMAN,ROOF DECKING,WORK RULES,CONSTRUCTION,FALL,FALL PROTECTION,SLIPPERY SURFACE,TIE-OFF,WORK SURFACE",H,4,NA,NA,A,1761,X
171047111,951510,1996-05-07T12:00:00Z,Employee injured when struck by boom of concrete pump truck,"CONCRETE TRUCK,UNSECURED,BUTTOCKS,CONSTRUCTION,BACK,TRUCK,STRUCK BY,TRUCK BOOM,FALLING OBJECT",NA,NA,NA,NA,NA,1771,NA
171047137,951510,1996-06-29T12:30:00Z,Employee killed when struck by falling tree branch,"FRACTURE,HEAD,TREE LIMB,AGRICULTURE,WORK RULES,LACERATION,TREE SECTION,STRUCK BY,FALLING OBJECT,BRAIN",NA,NA,NA,NA,NA,133,X
171047145,951510,1996-07-27T08:30:00Z,Four employees injured when freeway support collapses,"HIGHWAY,COLLAPSE,CONSTRUCTION",NA,NA,NA,NA,NA,1622,NA
171047152,951510,1996-11-24T04:05:00Z,Employee injured after striking chain barrier,"CHAIN,WALL,STRUCK AGAINST",NA,NA,NA,NA,NA,7992,X
171047194,951510,1997-03-07T22:26:00Z,Four employees injured in explosion at sulfur recovery unit,"EXPLOSION,SULFUR,STRUCK BY,FLYING OBJECT",NA,NA,NA,NA,NA,2911,NA
201634946,1054112,2005-01-14T09:15:00Z,Employee Is Killed in Fall from Ladder,"FRACTURE,CORD SET,LADDER,SLIP,LUMBER,FALL,FALL PROTECTION,TRAILER",NA,NA,NA,NA,NA,4226,X
201780186,935000,2000-05-20T12:30:00Z,Employee is killed when aerial work platform over turns,"BOOM,CRUSHED,AERIAL LIFT,CRANE,OVERTURN",NA,NA,NA,NA,NA,3731,X
201780301,935000,2001-05-01T05:00:00Z,Emploee Died from Heart Failure after a Foot Injury,"HEART ATTACK,AERIAL LIFT,FOOT,LEG",P,1,32,D,A,1542,X
201780558,935000,2003-05-25T07:20:00Z,Employee Killed In Fall From Unstable Platform,"INDUSTRIAL TRUCK,UNSTABLE SURFACE,FALL",NA,NA,NA,NA,NA,3731,X
201780715,935000,2004-09-14T10:00:00Z,Employee is struck by falling boulder and killed,"HEAD,BOULDER,STRUCK BY,UNSTABLE SOIL,FALLING OBJECT,UNSTABLE LOAD",NA,NA,NA,NA,NA,9999,X
201780764,935000,2004-12-03T03:15:00Z,Employee Is Killed When Struck by Tractor,"VEHICLE IN GEAR,BRAKE,MECHANIC,CAUGHT BETWEEN,STRUCK BY,TRACTOR,MOTOR VEHICLE",NA,NA,NA,NA,NA,4491,X
201781184,935000,2009-04-28T14:30:00Z,Employee Is Killed in Fall from Parasail,"FALL,FALL PROTECTION",NA,NA,NA,NA,NA,7999,X
201781341,935000,2010-07-02T13:00:00Z,Possible Drowning,"DIVING,DROWN,DIVER",NA,NA,NA,NA,NA,919,NA
201781366,936300,2010-12-12T17:30:00Z,Employee Ejected from Electric Cart Later Dies,"FRACTURE,HEAD,BELT,FALL,CART",NA,NA,NA,NA,NA,3731,X
201941010,951510,1996-11-06T14:00:00Z,Employee injured in fall with unsecured fixed ladder,"FRACTURE,DISMANTLING,UNSECURED,LADDER,CONSTRUCTION,FIXED LADDER,LACERATION,RIB,CATWALK,FALL",NA,NA,NA,NA,NA,1541,NA
201941028,951510,1997-07-03T14:15:00Z,Employee killed when tractor runs out of control,"FRACTURE,AGRICULTURE,WORK RULES,FARM MACHINERY,EQUIPMENT FAILURE,SKULL,FALL,TRACTOR,LOST CONTROL,SLOPE",NA,NA,NA,NA,NA,179,X
201941036,951510,1997-07-31T12:00:00Z,EMPLOYEE INJURED IN FALL FROM ROOF,"ROOF,LACERATION,ROOFER,FALL",A,2,8,B,B,1761,NA
201941044,951510,1997-07-22T09:50:00Z,ELECTRIC SHOCK - CONTACT WITH OVERHEAD LINE THRU METAL STRIP,"METAL BAR,OVERHEAD POWER LINE,ROOF,ELECTRICAL,E C,ROOFER,ELECTRIC SHOCK",K,NA,21,A,A,1761,NA
201941051,951510,1997-09-27T12:30:00Z,EMPLOYEE KILLED IN FALL THROUGH FLOOR HOLE,"CARPENTER,FLOOR HOLE,LACERATION,FALL",A,2,NA,A,B,1751,X
201941069,951510,1997-12-10T22:40:00Z,EMPLOYEE KILLED IN FALL DOWN ELEVATOR SHAFT,"FALL,ELEVATOR,ELEVATOR SHAFT",NA,NA,NA,NA,NA,7011,X
201941077,951510,1997-12-16T10:35:00Z,EMPLOYEE CUT BY MITRE SAW,"SAW,LACERATION,BLADE,UNGUARDED",NA,NA,NA,NA,NA,2541,NA
201941093,951510,1998-05-30T09:00:00Z,CRANE OVERTURNS,"CONDUIT,WORK RULES,CRANE,OVERTURN",I,NA,NA,F,B,1629,NA
201941101,951510,1998-04-14T08:15:00Z,EMPLOYEE FELL 10 FEET FROM SECOND FLOOR AND DIES,"GUARDRAIL,LANYARD,FALL,FALL PROTECTION,SCAFFOLD",A,2,NA,D,A,1799,X
201941119,951510,1998-09-17T12:15:00Z,Employee injured when jump form dropped 8 ft,"CONSTRUCTION,LACERATION,FALL,STRUCK BY,FALLING OBJECT,CONCRETE",B,46,NA,G,A,1522,NA
201941143,951510,1998-10-26T13:30:00Z,Employee's finger's amputated during elevator work,"AMPUTATED,INSTALLING,REPAIR,WIRE ROPE,FINGER,WORK RULES,CAUGHT BETWEEN,PULLEY,ELEVATOR,INATTENTION",B,10,NA,A,C,1796,NA
201941150,951510,1999-01-26T13:50:00Z,Employee falls from powered platform scaffold,"BACK,ABRASION,FALL,CONTUSION,SCAFFOLD",B,8,NA,D,C,1721,NA
201941168,951510,1999-03-22T13:05:00Z,Employee Fell 60 Feet When Tree Trunk Snapped,"TREE,ABRASION,FALL,TREE TRIMMING,CONTUSION",NA,NA,NA,NA,NA,783,NA
201941176,951510,1999-05-14T07:24:00Z,Two employees injured when crane contacted high voltage line,"BURN,ELECTROCUTED,ELECTRIC SHOCK,PALLET,HAND,CRANE,FOOT",B,3,24,C,C,1761,NA
201941184,951510,1999-06-21T06:55:00Z,Employee Killed In Fall From Equipment,"REPAIR,INDUSTRIAL TRUCK,FALL",NA,NA,NA,NA,NA,179,X
201941192,951510,1999-08-09T03:00:00Z,Employee killed when struck by a motor vehicle,"TRAFFIC ACCIDENT,VEHICLE,TRAFFIC CONTROL,STRUCK BY,ROAD PAVING",I,NA,NA,F,B,1611,X
201941200,951510,1999-02-22T07:30:00Z,Employee Suffers A Concussion After Falling Through Roof,"ROOF,FALL,CONCUSSION,ASBESTOS",C,1,NA,E,B,1799,NA
201941226,951510,1999-10-22T14:00:00Z,Employee Injured In Crane Tipover,"OUTRIGGER,ROLL-OVER,ABRASION,ARM,ELBOW,CONTUSION,CRANE",C,2,NA,F,B,1542,NA
201941234,951510,1999-11-02T08:30:00Z,Seven Employees Killed In Workplace Violence,WORKPLACE VIOLENCE,NA,NA,NA,NA,NA,7334,X
201941259,951510,1999-09-03T09:35:00Z,Electric Shock - Direct Contact with Energized Parts,"BURN,CLOTHING,ELECTRIC ARC,FRACTURE,ELECTRICAL,E PTD,CIRCUIT BREAKER,ELEC UTILITY WORK,ELECTRIC SHOCK,NECK",NA,NA,NA,NA,NA,4911,X
201941275,951510,2000-04-24T13:00:00Z,Employee is killed when he falls 16 ft off of a roof,"FRACTURE,ROOF,SLIP,THIGH,FALL,CONVEYOR BELT,ANKLE,WRIST",NA,NA,NA,NA,NA,5033,X
201941283,951510,2000-05-27T11:55:00Z,Employee is killed when backed over by a truck,"CRUSHED,TRUCK,STRUCK BY,RUN OVER",NA,NA,NA,NA,NA,191,X
201941309,951510,2001-01-15T14:45:00Z,Employee killed when struck by falling table top,"FRACTURE,HEAD,ELECTRICIAN,CAUGHT BETWEEN,CRUSHED",NA,NA,NA,NA,NA,1731,X
201941317,951510,2001-08-16T12:00:00Z,A trench shield box falls onto an employee,"TRENCH BOX,TRENCH,STRUCK BY,FALLING OBJECT,BACKHOE",M,NA,NA,F,B,1623,X
201941408,951510,2000-09-27T18:11:00Z,Employee Drowns When Stuck Underwater in Intake Pipe,"STUCK,PIPE,DROWN,LEG,WATER",NA,NA,NA,NA,NA,7996,X
201941416,951510,2000-08-10T09:30:00Z,Engineer Fractures Pelvic Bone- Crushed By A Rotating Crane,"FRACTURE,CRUSHED,PELVIS,CRANE",G,1,NA,E,B,1799,NA
201941424,951510,2000-12-01T09:00:00Z,Chef Stabbed To Death In Work Place Violence Incident,WORKPLACE VIOLENCE,NA,NA,NA,NA,NA,7011,X
201941531,951510,2001-04-23T10:20:00Z,Employee Killed When Struck By Drilling Pipe,"HEAD,DRILL PIPE,OIL WELL DRILLING,CRUSHED,STRUCK BY,FALLING OBJECT,OIL RIG",L,NA,NA,D,E,1781,X
201941549,951510,2001-03-26T13:30:00Z,Employee killed when struck by falling truck cabover,"MECHANIC,CRUSHED,TRUCK,STRUCK BY",NA,NA,NA,NA,NA,4212,X
201941556,951510,2001-07-15T09:00:00Z,Employee Killed When Struck By A Front End Loader Bucket,"FRACTURE,FRONT END LOADER,STRUCK BY,BUCKET ELEVATOR",A,NA,NA,A,A,1741,X
201941564,951510,2001-10-03T14:00:00Z,Employee crushed in tip-over incident,"BOOM,ROLL-OVER,CRUSHED,INDUSTRIAL TRUCK,UNSTABLE POSITION",NA,NA,NA,NA,NA,7353,X
201941572,951510,2001-12-24T15:00:00Z,Employee electrocuted on construction job,"ELECTRICAL,ELECTROCUTED,STRUCK AGAINST,CONSTRUCTION,ELEC CIRC PART--MISC",F,NA,NA,A,E,1799,X
201941580,951510,2002-02-14T14:05:00Z,Employee Killed When Struck by Truck,"FRACTURE,TRUCK,STRUCK BY,BACKING UP",NA,NA,NA,NA,NA,4212,X
201941598,951510,2002-05-03T12:40:00Z,Employee Dies After Passing Out,COLLAPSE,NA,NA,NA,NA,NA,8331,X
201941606,951510,2002-06-14T02:45:00Z,Employee killed after being struck by a vehicle,"TRAFFIC ACCIDENT,CONSTRUCTION,FLAGMAN,TRUCK,STRUCK BY,MOTOR VEHICLE,ROAD PAVING",I,NA,NA,G,B,1611,X
201941622,951510,2002-06-14T11:30:00Z,Employee killed by fall from back of moving truck,"TAILGATE,CARPENTER,WORK RULES,STRUCK AGAINST,TRUCK,FALL,PICKUP TRUCK,LOST BALANCE,MOTOR VEHICLE",H,2,20,E,A,1542,X
201941630,951510,2002-07-24T05:30:00Z,Employee Is Killed When Struck by Vehicle,"VEHICLE,STRUCK BY,SECURITY GUARD",NA,NA,NA,NA,NA,7381,X
201941648,951510,2002-08-30T07:30:00Z,Truck-mounted Crane Collapses and Causes Property Damage,"COLLAPSE,CRANE BOOM,TRUCK CRANE,STRUCK AGAINST,CONSTRUCTION,CRANE OPERATOR,FALLING OBJECT",G,3,3,F,A,1541,NA
201941655,951510,2002-08-28T13:30:00Z,Employee is overcome by sewer gas,"SEWER,VAPOR,INHALATION,GAS,MANHOLE,OVEREXPOSURE,CHEMICAL",NA,NA,NA,NA,NA,7699,NA
201941663,951510,2002-10-01T16:05:00Z,Employee Killed When Struck By Fork Lift,"INDUSTRIAL TRUCK,STRUCK BY",NA,NA,NA,NA,NA,4581,X
201941671,951510,1997-09-30T21:15:00Z,EMPLOYEE SUFFERED A CEREBRAL HEMORRHAGE,"HEAD,HEMORRHAGE",NA,NA,NA,NA,NA,5169,NA
201941697,951510,2002-11-24T12:30:00Z,Employee killed in Fall from Farm Equipment,"FRACTURE,HEAD,FARM MACHINERY,SLIP,CLOGGED,INDUSTRIAL TRUCK,FALL,SLIPPERY SURFACE",NA,NA,NA,NA,NA,213,X
201941705,951510,2003-01-13T09:15:00Z,Employee killed after fall from tree,"HEAD,TREE FELLING,SAFETY BELT,TREE,FALL,FALL PROTECTION",NA,NA,NA,NA,NA,783,X
201941713,951510,2003-01-21T09:45:00Z,Blower System Explodes,EXPLOSION,NA,NA,NA,NA,NA,5093,NA
201941739,951510,2003-04-11T11:28:00Z,Employee Dies After Struck by Falling Wall Form,"WALL,CARPENTER,CONSTRUCTION,STRUCK BY,FALLING OBJECT,CRANE",H,2,NA,F,A,1542,X
201941788,951510,2003-05-23T15:43:00Z,Employee Killed When Struck by Dozer,"STRUCK BY,BULLDOZER",P,NA,NA,A,E,1629,X
201941796,951510,2003-09-11T13:30:00Z,Two employees injured in fall when scaffold collapses,"WORK RULES,OVERLOADED,CONSTRUCTION,EQUIPMENT FAILURE,SCAFFOLD COLLAPSE,FALL,FALL PROTECTION,TIE-OFF,SCAFFOLD",H,6,65,B,C,1771,NA
201941812,951510,2004-03-02T08:20:00Z,Employee Is Killed When Struck by Backing Grader,"BACK-UP ALARM,GRADER,CONSTRUCTION,CRUSHED,STRUCK BY,RUN OVER,MOTOR VEHICLE,BACKING UP",B,3,NA,F,A,1629,X
201941820,951510,2004-03-11T13:45:00Z,Employee is injured in fall through skylight,"SKYLIGHT,FRACTURE,LUNG,ROOF,SPLEEN,PELVIS,RIB,FALL,INATTENTION",C,1,NA,A,E,1541,NA
201941838,951510,2004-05-19T09:30:00Z,Employee Dislocates Ankle in Fall,"POWER LINE WORKER,DISLOCATED,ELEC UTILITY WORK,FALL,FALL PROTECTION,UTILITY POLE,ANKLE",NA,NA,NA,NA,NA,4911,NA
201941853,951510,2004-09-03T06:30:00Z,Three employees hosptialized due to chemical inhalation,"LUNG,UNCONSCIOUSNESS,ASPHYXIATED,VAPOR,PPE,INHALATION,CHEMICAL,RESPIRATOR",J,NA,65,E,C,1622,NA
201941861,951510,2004-09-09T08:00:00Z,Employee is not injured in 47 ft fall through roof opening,"CONSTRUCTION,FALL,FALL PROTECTION,ROOF OPENING",NA,NA,NA,NA,NA,1795,NA
201941879,951510,2004-08-16T09:45:00Z,Employee killed when hauler flips over and pins leg,"HIGHWAY,TRAFFIC ACCIDENT,PINNED,CONSTRUCTION,TRUCK,DUMP TRUCK,LOST CONTROL,LEG,OVERTURN,TRUCK DRIVER",A,1,9,G,A,1629,X
201941887,951510,2004-09-16T07:00:00Z,Employee is killed in fall from roof of tool shed,"HEAD,GUARDRAIL,ROOF,STRUCK AGAINST,FALL,CONCUSSION,PAINTER",NA,NA,NA,NA,NA,7041,X
201941895,951510,2004-11-05T21:00:00Z,Employee stabbed by coworker,PUNCTURE,NA,NA,NA,NA,NA,161,X
201942000,951510,2004-12-15T16:45:00Z,Driver Is Killed When Struck by Truck,"VEHICLE IN GEAR,STUCK,TRUCK,STRUCK BY,TRACTOR,TRACTOR TRAILER,UNSTABLE SOIL,TRAILER,BACKING UP,TRUCK DRIVER",NA,NA,NA,NA,NA,133,X
201942034,951510,2005-01-04T16:00:00Z,Employee Is Killed When Atv Flipped and Landed on Him,"VEHICLE,CRUSHED,OVERTURN",NA,NA,NA,NA,NA,4725,X
201942042,951510,2005-03-19T10:00:00Z,No Employees Were Injured,"INDUSTRIAL TRUCK,CRANE,OVERTURN",A,2,26,E,A,1799,NA
201942059,951510,2005-06-16T09:15:00Z,Employee Killed in Fall,"HEAD,PPE,STRUCK AGAINST,CONSTRUCTION,ROOFER,FALL,FALL PROTECTION,WORK SURFACE",A,2,16,C,A,1761,X
201942075,951510,2003-08-08T08:45:00Z,Fall Kills Roofer,"ROOF,ROOFER,FALL",C,2,NA,A,C,1521,X
201942083,951510,2005-09-08T09:05:00Z,Employee's Arm Is Broken When Lift Overturns,"BOOM TRUCK,FRACTURE,STRUCK AGAINST,CONSTRUCTION,PLUMBING,ARM,WORK SURFACE",B,3,37,G,A,1711,NA
201942109,951510,2005-10-06T13:50:00Z,Employee Is Electrocuted,"SHOCK,ELECTROCUTED,ELECTRIC SHOCK",NA,NA,NA,NA,NA,783,X
201942117,951510,2005-12-13T09:33:00Z,Employee electrocuted while cutting power line,"ELECTRICAL,ELECTROCUTED,CONSTRUCTION,ELECTRICAL WORK,LACERATION,ELEC CIRC PART--MISC",O,NA,7,A,C,1731,X
201942216,951510,2006-01-25T06:30:00Z,Driver Loses Control of Pickup Truck and Is Killed,"BRAKE,ROCK,STRUCK AGAINST,DRIVER,EQUIPMENT FAILURE,STEEP GRADE,COLLISION,PICKUP TRUCK,LOST CONTROL,SLOPE",NA,NA,NA,NA,NA,8422,X
201942224,951510,2006-05-10T07:45:00Z,Employee Is Killed in Fall from Roof During Maintenance,"HEAD,ROOF,COLLAPSE,SLIP,FALL,SLIPPERY SURFACE,CONCUSSION,LOST BALANCE,PAINTER,WORK SURFACE",NA,NA,NA,NA,NA,6531,X
201942232,951510,2006-05-18T10:30:00Z,Employee Is Injured When Struck by Backhoe,"AMPUTATED,FRONT END LOADER,EQUIPMENT OPERATOR,STRUCK BY,BLADE,BACKHOE,FOOT,WRIST",NA,NA,NA,NA,NA,7999,NA
201942240,951510,2006-05-26T13:30:00Z,Employee Is Crushed When Loader Rolls Over,"HIGHWAY,ROLL-OVER,MACHINE OPERATOR,CRUSHED,LOADER,UNTRAINED,BACKHOE",B,NA,NA,F,A,1629,X
201942257,951510,2006-06-30T15:00:00Z,Employee Is Injured in Fall Through Roof,"HEAD,MAINTENANCE,ROOF,SHEET METAL,CONSTRUCTION,ROOFER,FALL,FALL PROTECTION,WORK SURFACE,SCAFFOLD",C,2,17,C,C,1761,NA
201942265,951510,2006-06-13T12:40:00Z,Storage Tank Explodes with No Injured Employees,"STORAGE TANK,EXPLOSION,ASPHALT",NA,NA,NA,NA,NA,2911,NA
201942273,951510,2006-06-26T16:55:00Z,Employee Is Killed When Struck and Dragged by Bus,"BUS,MECHANIC,CAUGHT BETWEEN,CRUSHED,TRUCK,STRUCK BY,RUN OVER,MOTOR VEHICLE",NA,NA,NA,NA,NA,4111,X
201942281,951510,2006-08-17T12:00:00Z,Employee Is Injured When Loses Control of Lift,"FRACTURE,BRAKE,EQUIPMENT FAILURE,LOST CONTROL,AERIAL LIFT",A,2,NA,G,A,1521,NA
201942398,951510,2006-10-10T11:00:00Z,Employee Is Killed When Struck by Falling Load from Forklift,"UNSECURED,ROLLER--MACH/PART,CRUSHED,INDUSTRIAL TRUCK,STRUCK BY,FALLING OBJECT,TRUCK DRIVER,UNSTABLE POSITION",NA,NA,NA,NA,NA,4214,X
201942414,951510,2007-01-20T08:30:00Z,Employee Is Killed When Cart Rolls Over,"HEAD,ROLL-OVER,STRUCK BY,MOTOR VEHICLE",NA,NA,NA,NA,NA,7992,X
201942422,951510,2006-12-08T07:30:00Z,Nursery Worker Is Killed in Fall from Van Making Turn,"CHEST,TRAFFIC ACCIDENT,SAFETY BELT,NURSERY,LACERATION,ELDERLY,FALL,MOTOR VEHICLE",NA,NA,NA,NA,NA,5261,X
201942430,951510,2007-01-17T13:30:00Z,Employee Is Struck and Killed by Tree,"HEAD,TREE,STRUCK BY",NA,NA,NA,NA,NA,9621,X
201942448,951510,2007-03-14T10:00:00Z,Metal Worker Is Killed in Fall from Balcony of High-Rise,"PANEL,PPE,WORK RULES,CONSTRUCTION,HANDRAIL,FALL,FALL PROTECTION",B,47,NA,G,A,1799,X
201942547,951510,2007-03-05T06:20:00Z,Employee Dies from Burns by Conditioned Mix Ash,"BURN,ASH,TORSO,LANDFILL,DUMP TRUCK,STRUCK BY,ARM,FALLING OBJECT,TRUCK DRIVER",NA,NA,NA,NA,NA,4953,X
201942562,951510,2007-06-11T09:00:00Z,Employee Is Killed When Crushed Between Forklift Parts,"ABDOMEN,CAUGHT BETWEEN,CRUSHED,INDUSTRIAL TRUCK,MANUAL MAT HANDLING,INATTENTION,TRUCK DRIVER",NA,NA,NA,NA,NA,5149,X
201942570,951510,2007-07-07T16:00:00Z,Employee killed in fall from ladder,"UNCONSCIOUSNESS,REPAIR,LADDER,CONSTRUCTION,FALL,LOST BALANCE,UNSTABLE POSITION",C,3,60,A,C,1711,X
201942588,951510,2007-08-20T13:05:00Z,Employee Is Run over and Killed by Asphalt Roller,"BACK-UP ALARM,AIRPORT,ROLLER--CONST EQUIP,CONSTRUCTION,STRUCK BY,RUN OVER,MECH MALFUNCTION,ASPHALT,ROAD PAVING",I,NA,NA,D,B,1611,X
201942596,951510,2007-12-13T16:23:00Z,Employee killed in fall through skylight,"ROOF OPENING COVER,SKYLIGHT,GUARDRAIL,ROOF,BARRIER GUARD,WORK RULES,CONSTRUCTION,FALL,FALL PROTECTION,ROOF OPENING",A,2,NA,B,A,1522,X
201942604,951510,2008-02-10T12:40:00Z,Employee Is Killed When Tilt Frame Collapses,"MAINTENANCE,COLLAPSE,PINNED,EQUIPMENT OPERATOR,HYDRAULIC FLUID,CRUSHED,STRUCK BY,TILT-FRAME HOIST",NA,NA,NA,NA,NA,9511,X
201942612,951510,2007-12-12T09:40:00Z,Employee killed by fall into cesspool,"COLLAPSE,CONSTRUCTION,FALL,UNSTABLE SOIL,CAVE-IN,SEWAGE,UNSTABLE POSITION",A,1,NA,E,A,1623,X
201942620,951510,2008-02-01T15:00:00Z,Crane drops 28-ton concrete panel on building,"HOISTING MECHANISM,UNSECURED,SUSPENDED LOAD,CONSTRUCTION,STRUCK BY,FALLING OBJECT,CRANE",C,4,NA,F,A,1542,NA
201942653,951510,2008-05-19T11:45:00Z,Employee Dies after Wood Kicks Back from Sander,"CHEST,KICK BACK,MACHINE OPERATOR,WOOD PANEL,STRUCK BY",NA,NA,NA,NA,NA,2431,X
201942661,951510,2008-06-02T11:06:00Z,Employee Is Killed When Struck by Truck's Boom Tip,"HEAD,RIGGING,BUILDING,TOWER CRANE,SLIP,CONSTRUCTION,STRUCK BY,TRUCK BOOM,CONCUSSION,CONCRETE",B,46,NA,G,A,1541,X
201942687,951510,2008-07-16T09:40:00Z,Employee Is Injured Struck by Flying Object,"KNEE,CONCRETE FORM WORK,FRACTURE,CARPENTER,CONSTRUCTION,PELVIS,STRUCK BY,FLYING OBJECT",B,46,400,G,A,1541,NA
201942695,951510,2008-08-25T15:00:00Z,Employee Is Injured in Fall Through Skylight,"SKYLIGHT,FRACTURE,ROOF,BACK,ROOFER,FALL,ELBOW,ROOF OPENING,VERTEBRA,HIP",C,1,24,A,C,1542,NA
201942703,951510,2008-10-07T13:30:00Z,"One Employee Is Killed, Three Are Injured in Tank Explosion","WELDING,GAS,EXPLOSION,TANK",E,1,25,B,B,1799,X
201942711,951510,2008-10-07T13:30:00Z,Employee Is Injured in Tank Explosion,"OIL TANK,WELDING,EXPLOSION,TANK",NA,NA,NA,NA,NA,3273,NA
201942729,951510,2008-10-07T13:30:00Z,"One Employee Is Killed, Three Were Injured in Tank Explosion","OIL TANK,WELDING,EXPLOSION,TANK",NA,NA,NA,NA,NA,2911,NA
201942737,951510,2008-12-18T08:30:00Z,Employee Is Killed in a Brush Chipper,"BRUSH CHIPPER,CLEANING,CAUGHT BY,CHIPPER,DECAPITATED",NA,NA,NA,NA,NA,782,X
201942745,951510,2008-12-22T12:00:00Z,Employee Receives Injuries While Replacing Tire,"EYE,BLOWOUT--TIRE,SKULL,ARM,FACE,TIRE RIM,TIRE",NA,NA,NA,NA,NA,7549,NA
201942752,951510,2009-01-16T12:04:00Z,Employee Dies after Pepper Spray Exposure During Training,"CHEST,UNCONSCIOUSNESS,COLLAPSE,SECURITY GUARD",NA,NA,NA,NA,NA,7381,X
201942760,951510,2009-01-23T17:55:00Z,"Security Guard Is Crushed by Falling Steel Gate, Later Dies","UNCONSCIOUSNESS,STEEL,CRUSHED,STRUCK BY,SECURITY GUARD,FALLING OBJECT",NA,NA,NA,NA,NA,7382,X
201942778,951510,2009-05-16T08:01:00Z,Demolition Worker Is Killed in Tower Collapse,"CEMENT POWDER,DEMOLITION,KILN,COLLAPSE,CONSTRUCTION,STRUCK BY,FALLING OBJECT,TOWER",K,15,168,C,D,1795,X
201942786,951510,2009-06-02T00:15:00Z,Employee Is Severely Burn by Electrical Arching,"BURN,ELECTRIC ARC,ELECTRICIAN,ELECTRICAL WORK",C,5,60,A,C,1731,NA
201942794,951510,2009-06-30T11:50:00Z,Three Employees Are Injured When Porch Slab Collapses,"CONCRETE SLAB,FRACTURE,COLLAPSE,FALL,SPRAIN,CONTUSION,LEG,WRIST",C,19,NA,D,C,1771,NA
201942810,951510,2009-09-02T21:30:00Z,Employee Is Found Dead Operating a Forklift,"UNCONSCIOUSNESS,WAREHOUSE,STRUCK AGAINST,INDUSTRIAL TRUCK",NA,NA,NA,NA,NA,5141,X
201942836,951510,2009-08-07T10:40:00Z,Employee's Head Is Injured in Fall from Lift,"HEAD,TREE,UNSTABLE SURFACE,FALL,FALL PROTECTION,CONCUSSION,ELEVATED WORK PLAT,TREE TRIMMING,AERIAL LIFT,UNSTABLE POSITION",NA,NA,NA,NA,NA,212,NA
201942844,951510,2009-11-02T15:45:00Z,Employee Is Killed When Crushed Between Forklift and Truck,"MECHANIC,STRUCK AGAINST,CRUSHED,INDUSTRIAL TRUCK,TRUCK,STRUCK BY,BACKING UP",Q,NA,NA,A,C,1731,X
201942869,951510,2010-01-04T08:00:00Z,Truck Driver Dies in Fall Exitingj Lowboy Trailer,"HEAD,UNCONSCIOUSNESS,TRAILER TRUCK,FALL,CONCUSSION,TRAILER,WALKING BACKWARD,LOST BALANCE,TRUCK DRIVER",NA,NA,NA,NA,NA,4212,X
201942877,951510,2010-03-13T07:56:00Z,Employee Falls from Elevated Pallet and Later Dies,"INDUSTRIAL TRUCK,FALL,PALLET,ELEVATED WORK PLAT",NA,NA,NA,NA,NA,5146,X
201942893,951510,2010-05-03T14:26:00Z,Employee dies from cardiac arrest,"PPE,HEART ATTACK,CARDIAC ARREST,FALL PROTECTION",NA,NA,NA,NA,NA,8422,X
201942901,951510,2010-10-18T07:45:00Z,Employee Is Killed When Tractor Rolls Over,"FRONT END LOADER,UNEVEN GROUND,PINNED,ROLL-OVER,EQUIPMENT OPERATOR,SEAT BELT,TRACTOR,LOST CONTROL,BACKHOE,SLOPE",NA,NA,NA,NA,NA,6553,X
201942919,951510,2010-12-04T12:00:00Z,Employee Is Killed When Run over by Pick-Up Truck,"TRUCK,PICKUP TRUCK,RUN OVER,TRUCK DRIVER",NA,NA,NA,NA,NA,161,X
201942927,951510,2011-01-22T08:22:00Z,Employee Falls from Tree and Dies,"LADDER,TREE,FALL,LOST BALANCE,TREE TRIMMING",NA,NA,NA,NA,NA,782,X
201942935,951510,2011-04-07T07:55:00Z,Employee Is Killed When Struck by Boom,"BOOM,MECHANIC,TRUCK,STRUCK BY",NA,NA,NA,NA,NA,3499,X
201942943,951510,2011-04-07T07:55:00Z,Five Employees Are Killed in Fire Works Explosion,"FIREWORKS,EXPLOSION",NA,NA,NA,NA,NA,4212,X
201942950,951510,2011-05-24T13:10:00Z,Employee Dies During Diving Excursion,"UNCONSCIOUSNESS,CPR,DIVING,DROWN,DIVER",NA,NA,NA,NA,NA,921,X
201942968,951510,2011-07-06T07:56:00Z,Tree Trimmer Is Killed in Fall,"FRACTURE,EQUIPMENT FAILURE,TREE,LANYARD,FALL,FALL PROTECTION,HAND TOOL,TREE TRIMMING",NA,NA,NA,NA,NA,783,X
201942976,951510,2011-06-27T11:00:00Z,Employee Is Killed When Tanker Truck Rolls Over,"TANK TRUCK,ROLL-OVER,SPEEDING,STRUCK AGAINST,SEAT BELT,LOST CONTROL,TRUCK DRIVER",I,NA,NA,D,A,1629,X
201942984,951510,2011-09-22T10:30:00Z,Employee Falls Off a Palm Tree and Dies,"TREE,FALL,TREE TRIMMING",NA,NA,NA,NA,NA,783,X
201942992,951510,2011-10-03T10:42:00Z,"Employee Falls Off Roof, Later Dies","ROOF,CONSTRUCTION,FALL",A,2,21,B,A,1521,X
201943008,951510,2011-08-29T12:45:00Z,Employee Dies in Motor Vehicle Accident,"DELIVERY WORK,TRAFFIC ACCIDENT,PINNED,STRUCK AGAINST,TREE,MOTOR VEHICLE",NA,NA,NA,NA,NA,2068,X
201943024,951510,2012-01-12T13:30:00Z,Employee Falls Through a Roof,"ROOF,FALL",A,1,NA,B,B,1521,X
201943032,951510,2012-02-21T08:30:00Z,Employee Is Killed When Struck by Falling Debris,"EXCAVATION,STRUCK BY,FALLING OBJECT",A,2,8,E,A,1521,X
201943040,951510,2012-05-10T15:30:00Z,Worker Dies after Truck Crash,"CARDIOVASC SYSTEM,GARBAGE TRUCK,UNCONSCIOUSNESS,TRAFFIC ACCIDENT,CPR,EMERGENCY RESPONSE,DRIVER,CARDIAC ARREST",NA,NA,NA,NA,NA,4953,X
201943057,951510,2012-06-11T22:20:00Z,Employee Falls from Coconut Tree and Is Killed,"TREE,FALL,FALL PROTECTION,LOST BALANCE,TREE TRIMMING",NA,NA,NA,NA,NA,783,X
201943065,951510,2012-09-27T14:40:00Z,Maintenance Worker Dies after Falling from Scaffold,"HEAD,MAINTENANCE,MOBILE SCAFFOLD,STEPLADDER,FALL,CONCUSSION,FALLING OBJECT,SCAFFOLD,UNSTABLE POSITION",NA,NA,NA,NA,NA,7349,X
201943073,951510,2013-02-08T10:45:00Z,Employee Is Killed in Fall from Scaffold,"PLATFORM,REPAIR,ROOF,PPE,PLANK,FALL,PAINTER,SCAFFOLD",B,2,20,A,C,1522,X
201943081,951510,2013-04-03T08:44:00Z,Construction Worker Injured in 20 Ft. Fall from Scaffolding,"GUARDRAIL,PPE,GUARD,CONSTRUCTION,FALL,SCAFFOLD,SCAFFOLDING",A,2,25,D,A,1522,NA
201943099,951510,2013-04-25T09:15:00Z,"Three Employee Receive Electric Shock, One Is Electrocuted","BURN,INSTALLING,PPE,ELECTRICAL TESTING,ELECTROCUTED,STRUCK AGAINST,ELEC CIRC PART--MISC,ELECTRIC SHOCK",NA,NA,NA,NA,NA,3823,X
201943107,951510,2013-07-05T15:10:00Z,"Employee Trips on Stairs, Hits Head, Later Dies","HEAD,STAIR,STAIR LANDING,TRIPPED,FALL,CONCRETE",NA,NA,NA,NA,NA,8221,X
201943115,951510,2013-09-11T10:10:00Z,Painter Is Killed in Fall from Apartment Building,"FRACTURE,HEAD,INSTALLING,CONSTRUCTION,SKULL,FALL,FALL PROTECTION,PAINTER,SCAFFOLD",B,7,NA,C,C,1721,X
201943131,951510,2014-01-16T14:00:00Z,Worker Is Killed in Fall Through Skylight,"SKYLIGHT,HEAD,INSTALLING,ROOF,CONSTRUCTION,ROOFER,FALL,FALL PROTECTION,SEAL,WATER",C,1,26,A,C,1761,X
201943149,951510,2014-02-05T13:08:00Z,Heavy Equipment Operator Dies from Crash Injuries,"MACHINE OPERATOR,CONSTRUCTION,DRIVER,BACK,COLLISION,CRUSHED,SEAT BELT,EXCAVATOR,LOST CONTROL,UNTRAINED",I,NA,NA,A,E,1794,X
201943164,951510,2014-03-17T13:14:00Z,Carpenter Dies after Falling from Step Ladder,"HEAD,CARPENTER,STEPLADDER,CONSTRUCTION,PAINT,FALL,FALL PROTECTION,CONCUSSION",A,2,NA,A,A,1521,X
907015416,951510,1999-11-25T14:00:00Z,Leak of Sulfuric Acid From Tank,"LEAK,STEEL,BLEACH,PPE,TRENCH,CHLORINE,IRON,PIPE,SULFURIC ACID,TANK",NA,NA,NA,NA,NA,5169,NA
